The Coca-Cola Company,Software Engineer,https://www.linkedin.com/jobs/view/externalApply/3256910064?url=https%3A%2F%2Fwww%2Eapplytracking%2Ecom%2Fx%2Easpx%3Fmethod%3Ddirect%26type%3Dapply%26board%3DD92FCD45-1292-4AE2-B555-D7A273418B42%26Job%3DR-76856%26ClientCode%3D18637&urlHash=X75k&refId=1hNCaWXyuhpZ6h%2FcEEpTaQ%3D%3D&trackingId=lRKDvnCy6x8IRzbcbwN2Rg%3D%3D&trk=public_jobs_apply-link-offsite,5.2%
The Coca-Cola Company,QA Engineer,https://www.linkedin.com/jobs/view/externalApply/3217586043?url=https%3A%2F%2Fwww%2Eapplytracking%2Ecom%2Fx%2Easpx%3Fmethod%3Ddirect%26type%3Dapply%26board%3DD92FCD45-1292-4AE2-B555-D7A273418B42%26Job%3DR-73209%26ClientCode%3D18637&urlHash=sPu-&refId=1hNCaWXyuhpZ6h%2FcEEpTaQ%3D%3D&trackingId=KRYJWcRSfdbOw1dzY4lodQ%3D%3D&trk=public_jobs_apply-link-offsite,2.03%
The Coca-Cola Company,Data Analyst,https://www.linkedin.com/jobs/view/externalApply/3217581596?url=https%3A%2F%2Fwww%2Eapplytracking%2Ecom%2Fx%2Easpx%3Fmethod%3Ddirect%26type%3Dapply%26board%3DD92FCD45-1292-4AE2-B555-D7A273418B42%26Job%3DR-73918%26ClientCode%3D18637&urlHash=_jjo&refId=1hNCaWXyuhpZ6h%2FcEEpTaQ%3D%3D&trackingId=ekcNzGcjTQANZG9uZ1XEOA%3D%3D&trk=public_jobs_apply-link-offsite,5.45%
The Coca-Cola Company,Data Engineer,https://www.linkedin.com/jobs/view/externalApply/3217585122?url=https%3A%2F%2Fwww%2Eapplytracking%2Ecom%2Fx%2Easpx%3Fmethod%3Ddirect%26type%3Dapply%26board%3DD92FCD45-1292-4AE2-B555-D7A273418B42%26Job%3DR-70135%26ClientCode%3D18637&urlHash=A_o9&refId=1hNCaWXyuhpZ6h%2FcEEpTaQ%3D%3D&trackingId=Qcd6sIc1%2F7nToUDonbsOCg%3D%3D&trk=public_jobs_apply-link-offsite,3.02%
The Coca-Cola Company,Data Engineer,https://www.linkedin.com/jobs/view/externalApply/3259734657?url=https%3A%2F%2Fwww%2Eapplytracking%2Ecom%2Fx%2Easpx%3Fmethod%3Ddirect%26type%3Dapply%26board%3DD92FCD45-1292-4AE2-B555-D7A273418B42%26Job%3DR-69364%26ClientCode%3D18637&urlHash=_uFQ&refId=1hNCaWXyuhpZ6h%2FcEEpTaQ%3D%3D&trackingId=laJw6%2B128PNSqt6CYg7k6w%3D%3D&trk=public_jobs_apply-link-offsite,2.56%
The Coca-Cola Company,Azure Data Engineer,https://www.linkedin.com/jobs/view/externalApply/3217582496?url=https%3A%2F%2Fwww%2Eapplytracking%2Ecom%2Fx%2Easpx%3Fmethod%3Ddirect%26type%3Dapply%26board%3DD92FCD45-1292-4AE2-B555-D7A273418B42%26Job%3DR-71451%26ClientCode%3D18637&urlHash=nK4B&refId=1hNCaWXyuhpZ6h%2FcEEpTaQ%3D%3D&trackingId=elS4uQOvbBa3czcVMu4GoQ%3D%3D&trk=public_jobs_apply-link-offsite,6.72%
The Coca-Cola Company,Data Developer,https://www.linkedin.com/jobs/view/externalApply/3237792672?url=https%3A%2F%2Fwww%2Eapplytracking%2Ecom%2Fx%2Easpx%3Fmethod%3Ddirect%26type%3Dapply%26board%3DD92FCD45-1292-4AE2-B555-D7A273418B42%26Job%3DR-76133%26ClientCode%3D18637&urlHash=Es0F&refId=1hNCaWXyuhpZ6h%2FcEEpTaQ%3D%3D&trackingId=ZabiTdCV5JTvGIOpMM6k3w%3D%3D&trk=public_jobs_apply-link-offsite,4.1%
The Coca-Cola Company,Data and Analytics Developer,https://www.linkedin.com/jobs/view/externalApply/3244566764?url=https%3A%2F%2Fwww%2Eapplytracking%2Ecom%2Fx%2Easpx%3Fmethod%3Ddirect%26type%3Dapply%26board%3DD92FCD45-1292-4AE2-B555-D7A273418B42%26Job%3DR-75228%26ClientCode%3D18637&urlHash=wFL6&refId=1hNCaWXyuhpZ6h%2FcEEpTaQ%3D%3D&trackingId=Tv16IIbAtv442A7LLH%2BPvQ%3D%3D&trk=public_jobs_apply-link-offsite,3.23%
The Coca-Cola Company,Packaging Innovation Engineer,https://www.linkedin.com/jobs/view/externalApply/3217583411?url=https%3A%2F%2Fwww%2Eapplytracking%2Ecom%2Fx%2Easpx%3Fmethod%3Ddirect%26type%3Dapply%26board%3DD92FCD45-1292-4AE2-B555-D7A273418B42%26Job%3DR-70013%26ClientCode%3D18637&urlHash=jGiu&refId=1hNCaWXyuhpZ6h%2FcEEpTaQ%3D%3D&trackingId=02Rk5QK1n1Tfg16Hv80AnQ%3D%3D&trk=public_jobs_apply-link-offsite,4.4%
The Coca-Cola Company,Senior Equipment Innovation Engineer,https://www.linkedin.com/jobs/view/externalApply/3258283960?url=https%3A%2F%2Fwww%2Eapplytracking%2Ecom%2Fx%2Easpx%3Fmethod%3Ddirect%26type%3Dapply%26board%3DD92FCD45-1292-4AE2-B555-D7A273418B42%26Job%3DR-76685%26ClientCode%3D18637&urlHash=17yk&refId=1hNCaWXyuhpZ6h%2FcEEpTaQ%3D%3D&trackingId=00QKcQOp54MM%2FJfC1xtOvQ%3D%3D&trk=public_jobs_apply-link-offsite,8.04%
The Coca-Cola Company,Electrician A,https://www.linkedin.com/jobs/view/externalApply/3261033313?url=https%3A%2F%2Fwww%2Eapplytracking%2Ecom%2Fx%2Easpx%3Fmethod%3Ddirect%26type%3Dapply%26board%3DD92FCD45-1292-4AE2-B555-D7A273418B42%26Job%3DR-77223%26ClientCode%3D18637&urlHash=6lBy&refId=1hNCaWXyuhpZ6h%2FcEEpTaQ%3D%3D&trackingId=s8jtIcy9BeP9%2BVQNjfb9UA%3D%3D&trk=public_jobs_apply-link-offsite,3.65%
The Coca-Cola Company,Mechanic A,https://www.linkedin.com/jobs/view/externalApply/3217582475?url=https%3A%2F%2Fwww%2Eapplytracking%2Ecom%2Fx%2Easpx%3Fmethod%3Ddirect%26type%3Dapply%26board%3DD92FCD45-1292-4AE2-B555-D7A273418B42%26Job%3DR-75225%26ClientCode%3D18637&urlHash=tzFA&refId=1hNCaWXyuhpZ6h%2FcEEpTaQ%3D%3D&trackingId=gSqzauROUSSNcf004wxIuA%3D%3D&trk=public_jobs_apply-link-offsite,3.65%
The Coca-Cola Company,Maintenance Tech- weekend + 1weekday"work36hr and get pay for 40Hrs",https://www.linkedin.com/jobs/view/externalApply/3261030703?url=https%3A%2F%2Fwww%2Eapplytracking%2Ecom%2Fx%2Easpx%3Fmethod%3Ddirect%26type%3Dapply%26board%3DD92FCD45-1292-4AE2-B555-D7A273418B42%26Job%3DR-77207%26ClientCode%3D18637&urlHash=5RLE&refId=1hNCaWXyuhpZ6h%2FcEEpTaQ%3D%3D&trackingId=ZPOy%2F9vkFW1Su3t%2Bo5fMjA%3D%3D&trk=public_jobs_apply-link-offsite,3.65%
The Coca-Cola Company,Maintenance Electrician 2nd shift,https://www.linkedin.com/jobs/view/externalApply/3261030704?url=https%3A%2F%2Fwww%2Eapplytracking%2Ecom%2Fx%2Easpx%3Fmethod%3Ddirect%26type%3Dapply%26board%3DD92FCD45-1292-4AE2-B555-D7A273418B42%26Job%3DR-77225%26ClientCode%3D18637&urlHash=3Toz&refId=1hNCaWXyuhpZ6h%2FcEEpTaQ%3D%3D&trackingId=u3908jH1qhpVFprfl0UU1g%3D%3D&trk=public_jobs_apply-link-offsite,3.65%
The Coca-Cola Company,A Maintenance Mechanic 2nd shift,https://www.linkedin.com/jobs/view/externalApply/3261034185?url=https%3A%2F%2Fwww%2Eapplytracking%2Ecom%2Fx%2Easpx%3Fmethod%3Ddirect%26type%3Dapply%26board%3DD92FCD45-1292-4AE2-B555-D7A273418B42%26Job%3DR-77222%26ClientCode%3D18637&urlHash=mpXt&refId=1hNCaWXyuhpZ6h%2FcEEpTaQ%3D%3D&trackingId=rFtbyU%2F%2BvQjcZqPERwl%2FJw%3D%3D&trk=public_jobs_apply-link-offsite,3.65%
The Coca-Cola Company,Fork Truck / A Mechanic,https://www.linkedin.com/jobs/view/externalApply/3217583433?url=https%3A%2F%2Fwww%2Eapplytracking%2Ecom%2Fx%2Easpx%3Fmethod%3Ddirect%26type%3Dapply%26board%3DD92FCD45-1292-4AE2-B555-D7A273418B42%26Job%3DR-74261%26ClientCode%3D18637&urlHash=gs3G&refId=1hNCaWXyuhpZ6h%2FcEEpTaQ%3D%3D&trackingId=sfxG4%2F7dFqRz3vdRb9%2BGKw%3D%3D&trk=public_jobs_apply-link-offsite,3.65%
