Date,Company,Role,Link,ATS score
09/10/22,Goldman Sachs,Associate Software Engineering - GS Web Products (New York NY),https://www.linkedin.com/jobs/view/externalApply/3203884041?url=https%3A%2F%2Fhdpc%2Efa%2Eus2%2Eoraclecloud%2Ecom%2FhcmUI%2FCandidateExperience%2Fen%2Fjob%2F104161%2F%3Futm_medium%3Djobshare%26mode%3Djob%26iis%3DLinkedIn&urlHash=Va32&refId=PNCVseghPZCqgcEixi1U%2Bw%3D%3D&trackingId=jw8la7iGwv0p5ncp03%2Flbw%3D%3D&trk=public_jobs_apply-link-offsite,7.14%
09/10/22,Goldman Sachs,GS EC - SWE - Full Stack/Back End Engineer,https://www.linkedin.com/jobs/view/externalApply/2814200740?url=https%3A%2F%2Fhdpc%2Efa%2Eus2%2Eoraclecloud%2Ecom%2FhcmUI%2FCandidateExperience%2Fen%2Fjob%2F87698%2F%3Futm_medium%3Djobshare%26mode%3Djob%26iis%3DLinkedIn&urlHash=fC1B&refId=PNCVseghPZCqgcEixi1U%2Bw%3D%3D&trackingId=t2XNuy6o%2FmoVSXi1ZT8L0Q%3D%3D&trk=public_jobs_apply-link-offsite,7.14%
09/10/22,Goldman Sachs,GS EC - SWE - Full Stack/Back End Engineer,https://www.linkedin.com/jobs/view/externalApply/2814202574?url=https%3A%2F%2Fhdpc%2Efa%2Eus2%2Eoraclecloud%2Ecom%2FhcmUI%2FCandidateExperience%2Fen%2Fjob%2F87701%2F%3Futm_medium%3Djobshare%26mode%3Djob%26iis%3DLinkedIn&urlHash=06kC&refId=PNCVseghPZCqgcEixi1U%2Bw%3D%3D&trackingId=GWbItrhmpXVSdWz43NV49Q%3D%3D&trk=public_jobs_apply-link-offsite,7.14%
09/10/22,Goldman Sachs,2022 | Full Stack/Back-end Software Engineer | Analyst | Dallas,https://www.linkedin.com/jobs/view/externalApply/2814207167?url=https%3A%2F%2Fhdpc%2Efa%2Eus2%2Eoraclecloud%2Ecom%2FhcmUI%2FCandidateExperience%2Fen%2Fjob%2F87616%2F%3Futm_medium%3Djobshare%26mode%3Djob%26iis%3DLinkedIn&urlHash=zB6G&refId=PNCVseghPZCqgcEixi1U%2Bw%3D%3D&trackingId=OPdEXBLhko4YAwRClr7NPw%3D%3D&trk=public_jobs_apply-link-offsite,7.14%
09/10/22,Goldman Sachs,Engineering-L2-DALLAS-Associate-Software Engineering,https://www.linkedin.com/jobs/view/externalApply/3234570325?url=https%3A%2F%2Fhdpc%2Efa%2Eus2%2Eoraclecloud%2Ecom%2FhcmUI%2FCandidateExperience%2Fen%2Fjob%2F105138%2F%3Futm_medium%3Djobshare%26mode%3Djob%26iis%3DLinkedIn&urlHash=RLtF&refId=PNCVseghPZCqgcEixi1U%2Bw%3D%3D&trackingId=fkJLWkJdFvcD%2FxlNFO9KVA%3D%3D&trk=public_jobs_apply-link-offsite,7.14%
09/10/22,Goldman Sachs,Software Engineer - Equity Derivatives Engineering - Associate,https://www.linkedin.com/jobs/view/externalApply/3077093885?url=https%3A%2F%2Fhdpc%2Efa%2Eus2%2Eoraclecloud%2Ecom%2FhcmUI%2FCandidateExperience%2Fen%2Fjob%2F99963%2F%3Futm_medium%3Djobshare%26mode%3Djob%26iis%3DLinkedIn&urlHash=deAW&refId=PNCVseghPZCqgcEixi1U%2Bw%3D%3D&trackingId=FIeVhCJ%2FRuCB9l14BvGyKA%3D%3D&trk=public_jobs_apply-link-offsite,4.36%
09/10/22,Goldman Sachs,Software Engineer Dallas,https://www.linkedin.com/jobs/view/externalApply/3234569978?url=https%3A%2F%2Fhdpc%2Efa%2Eus2%2Eoraclecloud%2Ecom%2FhcmUI%2FCandidateExperience%2Fen%2Fjob%2F105007%2F%3Futm_medium%3Djobshare%26mode%3Djob%26iis%3DLinkedIn&urlHash=FQie&refId=PNCVseghPZCqgcEixi1U%2Bw%3D%3D&trackingId=0xKP7miV%2F9m52tMyLhclWw%3D%3D&trk=public_jobs_apply-link-offsite,6.38%
09/10/22,Goldman Sachs,Software Engineer Mobile Platform Team- Associate- Dallas,https://www.linkedin.com/jobs/view/externalApply/3262495271?url=https%3A%2F%2Fhdpc%2Efa%2Eus2%2Eoraclecloud%2Ecom%2FhcmUI%2FCandidateExperience%2Fen%2Fjob%2F103074%2F%3Futm_medium%3Djobshare%26mode%3Djob%26iis%3DLinkedIn&urlHash=3lb7&refId=PNCVseghPZCqgcEixi1U%2Bw%3D%3D&trackingId=pPh0dW%2FeQ76XwOcT68TEeQ%3D%3D&trk=public_jobs_apply-link-offsite,7.14%
09/10/22,Goldman Sachs,Engineering-DALLAS-Associate-Software Engineering,https://www.linkedin.com/jobs/view/externalApply/3256853543?url=https%3A%2F%2Fhdpc%2Efa%2Eus2%2Eoraclecloud%2Ecom%2FhcmUI%2FCandidateExperience%2Fen%2Fjob%2F104379%2F%3Futm_medium%3Djobshare%26mode%3Djob%26iis%3DLinkedIn&urlHash=ZA3P&refId=PNCVseghPZCqgcEixi1U%2Bw%3D%3D&trackingId=xENtxBtNrmJR5iQVbdo4wQ%3D%3D&trk=public_jobs_apply-link-offsite,7.7%
09/10/22,Goldman Sachs,Analyst Software Engineering - GS Web Products (New York NY),https://www.linkedin.com/jobs/view/externalApply/3250875665?url=https%3A%2F%2Fhdpc%2Efa%2Eus2%2Eoraclecloud%2Ecom%2FhcmUI%2FCandidateExperience%2Fen%2Fjob%2F104479%2F%3Futm_medium%3Djobshare%26mode%3Djob%26iis%3DLinkedIn&urlHash=DXeM&refId=PNCVseghPZCqgcEixi1U%2Bw%3D%3D&trackingId=49cZI%2F8%2F0d1e8Wmuxkw3ug%3D%3D&trk=public_jobs_apply-link-offsite,4.68%
09/10/22,Goldman Sachs,Software Engineer - Payments Platform,https://www.linkedin.com/jobs/view/externalApply/3226295053?url=https%3A%2F%2Fhdpc%2Efa%2Eus2%2Eoraclecloud%2Ecom%2FhcmUI%2FCandidateExperience%2Fen%2Fjob%2F84056%2F%3Futm_medium%3Djobshare%26mode%3Djob%26iis%3DLinkedIn&urlHash=tCcd&refId=PNCVseghPZCqgcEixi1U%2Bw%3D%3D&trackingId=Xu8%2BXOf8r91sjnRm63QXqA%3D%3D&trk=public_jobs_apply-link-offsite,5.87%
09/10/22,Goldman Sachs,Associate - EXE5908009,https://www.linkedin.com/jobs/view/externalApply/3191889527?url=https%3A%2F%2Fhdpc%2Efa%2Eus2%2Eoraclecloud%2Ecom%2FhcmUI%2FCandidateExperience%2Fen%2Fjob%2F104534%2F%3Futm_medium%3Djobshare%26mode%3Djob%26iis%3DLinkedIn&urlHash=b-2m&refId=PNCVseghPZCqgcEixi1U%2Bw%3D%3D&trackingId=OBsKGebswsNX7dJZpWPtdg%3D%3D&trk=public_jobs_apply-link-offsite,13.01%
09/10/22,Goldman Sachs,Associate - GMD5258229,https://www.linkedin.com/jobs/view/externalApply/2984653215?url=https%3A%2F%2Fhdpc%2Efa%2Eus2%2Eoraclecloud%2Ecom%2FhcmUI%2FCandidateExperience%2Fen%2Fjob%2F82191%2F%3Futm_medium%3Djobshare%26mode%3Djob%26iis%3DLinkedIn&urlHash=4KwN&refId=PNCVseghPZCqgcEixi1U%2Bw%3D%3D&trackingId=Vnf1drYIHnkxnd0tD%2BSN%2BA%3D%3D&trk=public_jobs_apply-link-offsite,9.74%
09/10/22,Goldman Sachs,Associate - ENGG5341934,https://www.linkedin.com/jobs/view/externalApply/2984657013?url=https%3A%2F%2Fhdpc%2Efa%2Eus2%2Eoraclecloud%2Ecom%2FhcmUI%2FCandidateExperience%2Fen%2Fjob%2F84326%2F%3Futm_medium%3Djobshare%26mode%3Djob%26iis%3DLinkedIn&urlHash=vV-n&refId=PNCVseghPZCqgcEixi1U%2Bw%3D%3D&trackingId=1Izxw5LHlT7dKB7kxCFCjg%3D%3D&trk=public_jobs_apply-link-offsite,9.26%
09/10/22,Goldman Sachs,Engineering-Site Reliability Engineer-VP-New York,https://www.linkedin.com/jobs/view/externalApply/3199937104?url=https%3A%2F%2Fhdpc%2Efa%2Eus2%2Eoraclecloud%2Ecom%2FhcmUI%2FCandidateExperience%2Fen%2Fsites%2FCX_1%2Fjob%2F87201%2F%3Futm_medium%3Djobshare&urlHash=Kts0&refId=PNCVseghPZCqgcEixi1U%2Bw%3D%3D&trackingId=blltUxmIlZnWF1DICO6sfA%3D%3D&trk=public_jobs_apply-link-offsite,4.22%
09/10/22,Goldman Sachs,Java Engineer – New Project (Accelerate) – VP,https://www.linkedin.com/jobs/view/externalApply/3053422314?url=https%3A%2F%2Fhdpc%2Efa%2Eus2%2Eoraclecloud%2Ecom%2FhcmUI%2FCandidateExperience%2Fen%2Fjob%2F99613%2F%3Futm_medium%3Djobshare%26mode%3Djob%26iis%3DLinkedIn&urlHash=Ng5C&refId=PNCVseghPZCqgcEixi1U%2Bw%3D%3D&trackingId=JZneTZgG%2F2hh8%2FvN9Dh2cA%3D%3D&trk=public_jobs_apply-link-offsite,2.08%
09/10/22,Goldman Sachs,Engineering- Site Reliability Engineer- VP- New York,https://www.linkedin.com/jobs/view/externalApply/3103866541?url=https%3A%2F%2Fhdpc%2Efa%2Eus2%2Eoraclecloud%2Ecom%2FhcmUI%2FCandidateExperience%2Fen%2Fjob%2F87201%2F%3Futm_medium%3Djobshare%26mode%3Djob%26iis%3DLinkedIn&urlHash=M7P9&refId=PNCVseghPZCqgcEixi1U%2Bw%3D%3D&trackingId=OvNR9GWzpJ6iXG4%2BJ75V%2FQ%3D%3D&trk=public_jobs_apply-link-offsite,8.37%
09/10/22,Goldman Sachs,Data Quality Software Engineer - Data Lake Engineering - Dallas,https://www.linkedin.com/jobs/view/externalApply/2920026153?url=https%3A%2F%2Fhdpc%2Efa%2Eus2%2Eoraclecloud%2Ecom%2FhcmUI%2FCandidateExperience%2Fen%2Fjob%2F83845%2F%3Futm_medium%3Djobshare%26mode%3Djob%26iis%3DLinkedIn&urlHash=BSva&refId=PNCVseghPZCqgcEixi1U%2Bw%3D%3D&trackingId=Of4ZqYaUvYyfbAxDcnSecw%3D%3D&trk=public_jobs_apply-link-offsite,2.06%
09/10/22,Goldman Sachs,Product Security Engineering Associate,https://www.linkedin.com/jobs/view/externalApply/2893746671?url=https%3A%2F%2Fhdpc%2Efa%2Eus2%2Eoraclecloud%2Ecom%2FhcmUI%2FCandidateExperience%2Fen%2Fjob%2F91326%2F%3Futm_medium%3Djobshare%26mode%3Djob%26iis%3DLinkedIn&urlHash=3MA5&refId=PNCVseghPZCqgcEixi1U%2Bw%3D%3D&trackingId=Unt%2FFV5DbZoc9K%2FZHtsCkw%3D%3D&trk=public_jobs_apply-link-offsite,3.02%
09/10/22,Goldman Sachs,Transaction Banking- Engineering Risk- Software Engineering-Associate,https://www.linkedin.com/jobs/view/externalApply/2962009466?url=https%3A%2F%2Fhdpc%2Efa%2Eus2%2Eoraclecloud%2Ecom%2FhcmUI%2FCandidateExperience%2Fen%2Fjob%2F96558%2F%3Futm_medium%3Djobshare%26mode%3Djob%26iis%3DLinkedIn&urlHash=TyDD&refId=PNCVseghPZCqgcEixi1U%2Bw%3D%3D&trackingId=i87F9G7426w63k%2BUGRokGA%3D%3D&trk=public_jobs_apply-link-offsite,6.73%
09/10/22,Goldman Sachs,Engineering-Site Reliability Engineer Sec DB-VP-New York,https://www.linkedin.com/jobs/view/externalApply/3199941297?url=https%3A%2F%2Fhdpc%2Efa%2Eus2%2Eoraclecloud%2Ecom%2FhcmUI%2FCandidateExperience%2Fen%2Fsites%2FCX_1%2Fjob%2F92207%2F%3Futm_medium%3Djobshare&urlHash=BSSw&refId=PNCVseghPZCqgcEixi1U%2Bw%3D%3D&trackingId=mles%2FMYq75qm4UONnJcv7g%3D%3D&trk=public_jobs_apply-link-offsite,1.31%
09/10/22,Goldman Sachs,Engineering- Site Reliability Engineer Sec DB- VP- New York,https://www.linkedin.com/jobs/view/externalApply/2908455923?url=https%3A%2F%2Fhdpc%2Efa%2Eus2%2Eoraclecloud%2Ecom%2FhcmUI%2FCandidateExperience%2Fen%2Fjob%2F92207%2F%3Futm_medium%3Djobshare%26mode%3Djob%26iis%3DLinkedIn&urlHash=AHk3&refId=PNCVseghPZCqgcEixi1U%2Bw%3D%3D&trackingId=nRHK6u%2F3ibuczshfiEZW8A%3D%3D&trk=public_jobs_apply-link-offsite,5.72%
09/10/22,Goldman Sachs,Engineering- Data Science and Machine Learning- Senior Machine Learning Engineer,https://www.linkedin.com/jobs/view/externalApply/2920024269?url=https%3A%2F%2Fhdpc%2Efa%2Eus2%2Eoraclecloud%2Ecom%2FhcmUI%2FCandidateExperience%2Fen%2Fjob%2F93790%2F%3Futm_medium%3Djobshare%26mode%3Djob%26iis%3DLinkedIn&urlHash=Okf3&refId=PNCVseghPZCqgcEixi1U%2Bw%3D%3D&trackingId=a5J%2BdPCmnNOZm5wU2X1jeg%3D%3D&trk=public_jobs_apply-link-offsite,5.85%
09/10/22,Goldman Sachs,Quantitative Engineer -FICC Resource Management Strats - Dallas,https://www.linkedin.com/jobs/view/externalApply/3137950347?url=https%3A%2F%2Fhdpc%2Efa%2Eus2%2Eoraclecloud%2Ecom%2FhcmUI%2FCandidateExperience%2Fen%2Fjob%2F103271%2F%3Futm_medium%3Djobshare%26mode%3Djob%26iis%3DLinkedIn&urlHash=DbG1&refId=PNCVseghPZCqgcEixi1U%2Bw%3D%3D&trackingId=cT%2FJAZ8CAR598z7KfwtFtg%3D%3D&trk=public_jobs_apply-link-offsite,5.38%
09/10/22,Goldman Sachs,Associate - ENGG5242708,https://www.linkedin.com/jobs/view/externalApply/2984654159?url=https%3A%2F%2Fhdpc%2Efa%2Eus2%2Eoraclecloud%2Ecom%2FhcmUI%2FCandidateExperience%2Fen%2Fjob%2F84301%2F%3Futm_medium%3Djobshare%26mode%3Djob%26iis%3DLinkedIn&urlHash=ikeR&refId=PNCVseghPZCqgcEixi1U%2Bw%3D%3D&trackingId=tB39UBdQrKYv%2BnY%2FYTrwUw%3D%3D&trk=public_jobs_apply-link-offsite,7.06%
09/10/22,Goldman Sachs,Loans Engineering - Associate/VP – Senior Developer -Dallas,https://www.linkedin.com/jobs/view/externalApply/3188956011?url=https%3A%2F%2Fhdpc%2Efa%2Eus2%2Eoraclecloud%2Ecom%2FhcmUI%2FCandidateExperience%2Fen%2Fjob%2F104172%2F%3Futm_medium%3Djobshare%26mode%3Djob%26iis%3DLinkedIn&urlHash=6Rht&refId=vz%2FMeatcI5FrxQpY1qyb5Q%3D%3D&trackingId=WW7%2F5bJgku%2B7zrOV7yBTqA%3D%3D&trk=public_jobs_apply-link-offsite,3.72%
09/10/22,Goldman Sachs,Consumer Wealth & Management-GreenSky-Associate Software Engineering-Atlanta GA/Remote,https://www.linkedin.com/jobs/view/externalApply/3184371053?url=https%3A%2F%2Fhdpc%2Efa%2Eus2%2Eoraclecloud%2Ecom%2FhcmUI%2FCandidateExperience%2Fen%2Fjob%2F103851%2F%3Futm_medium%3Djobshare%26mode%3Djob%26iis%3DLinkedIn&urlHash=hjAw&refId=vz%2FMeatcI5FrxQpY1qyb5Q%3D%3D&trackingId=9tEH%2Fuuy0Ia0EEo2d%2B%2BmUw%3D%3D&trk=public_jobs_apply-link-offsite,5.49%
09/10/22,Goldman Sachs,Cloud Connectivity Software Engineer - Vice President,https://www.linkedin.com/jobs/view/externalApply/3047506207?url=https%3A%2F%2Fhdpc%2Efa%2Eus2%2Eoraclecloud%2Ecom%2FhcmUI%2FCandidateExperience%2Fen%2Fjob%2F100073%2F%3Futm_medium%3Djobshare%26mode%3Djob%26iis%3DLinkedIn&urlHash=pHu7&refId=vz%2FMeatcI5FrxQpY1qyb5Q%3D%3D&trackingId=YT%2FXGuna%2BIrKdSyOuvhXJQ%3D%3D&trk=public_jobs_apply-link-offsite,11.26%
09/10/22,Goldman Sachs,Associate DevOps Engineer Consumer and Wealth Mgmt Division,https://www.linkedin.com/jobs/view/externalApply/2904357770?url=https%3A%2F%2Fhdpc%2Efa%2Eus2%2Eoraclecloud%2Ecom%2FhcmUI%2FCandidateExperience%2Fen%2Fjob%2F90908%2F%3Futm_medium%3Djobshare%26mode%3Djob%26iis%3DLinkedIn&urlHash=_MC7&refId=vz%2FMeatcI5FrxQpY1qyb5Q%3D%3D&trackingId=2PT5sjFy3x8RUK1irCwxrw%3D%3D&trk=public_jobs_apply-link-offsite,6.14%
09/10/22,Goldman Sachs,Credit Risk Risk Engineering Analytics & Reporting-SALT LAKE CITY-Analyst,https://www.linkedin.com/jobs/view/externalApply/3226066351?url=https%3A%2F%2Fhdpc%2Efa%2Eus2%2Eoraclecloud%2Ecom%2FhcmUI%2FCandidateExperience%2Fen%2Fjob%2F102274%2F%3Futm_medium%3Djobshare%26mode%3Djob%26iis%3DLinkedIn&urlHash=7tQY&refId=vz%2FMeatcI5FrxQpY1qyb5Q%3D%3D&trackingId=PKZxCHVMDFqIJf9H6S7VJA%3D%3D&trk=public_jobs_apply-link-offsite,4.39%
09/10/22,Goldman Sachs,Platform Data Engineer Associate - Consumer and Wealth Mgmt Division,https://www.linkedin.com/jobs/view/externalApply/3046242979?url=https%3A%2F%2Fhdpc%2Efa%2Eus2%2Eoraclecloud%2Ecom%2FhcmUI%2FCandidateExperience%2Fen%2Fjob%2F99783%2F%3Futm_medium%3Djobshare%26mode%3Djob%26iis%3DLinkedIn&urlHash=JyO4&refId=vz%2FMeatcI5FrxQpY1qyb5Q%3D%3D&trackingId=9GTR73zJXCmu8DfeYLjfHA%3D%3D&trk=public_jobs_apply-link-offsite,5.13%
09/10/22,Goldman Sachs,Quantitative Developer – Inventory Management Engineering,https://www.linkedin.com/jobs/view/externalApply/3109162998?url=https%3A%2F%2Fhdpc%2Efa%2Eus2%2Eoraclecloud%2Ecom%2FhcmUI%2FCandidateExperience%2Fen%2Fjob%2F80453%2F%3Futm_medium%3Djobshare%26mode%3Djob%26iis%3DLinkedIn&urlHash=pcS3&refId=vz%2FMeatcI5FrxQpY1qyb5Q%3D%3D&trackingId=tG%2BuqsFOhyGSV0jjSlsPOQ%3D%3D&trk=public_jobs_apply-link-offsite,0.94%
09/10/22,Goldman Sachs,Associate HCM4875953,https://www.linkedin.com/jobs/view/externalApply/2984651794?url=https%3A%2F%2Fhdpc%2Efa%2Eus2%2Eoraclecloud%2Ecom%2FhcmUI%2FCandidateExperience%2Fen%2Fjob%2F81534%2F%3Futm_medium%3Djobshare%26mode%3Djob%26iis%3DLinkedIn&urlHash=EpF3&refId=vz%2FMeatcI5FrxQpY1qyb5Q%3D%3D&trackingId=XUawUTijRzfQ3jy8YWkE2g%3D%3D&trk=public_jobs_apply-link-offsite,6.25%
09/10/22,Goldman Sachs,Transaction Banking - Cybersecurity Advisory Engineer - Associate,https://www.linkedin.com/jobs/view/externalApply/3029714713?url=https%3A%2F%2Fhdpc%2Efa%2Eus2%2Eoraclecloud%2Ecom%2FhcmUI%2FCandidateExperience%2Fen%2Fjob%2F90374%2F%3Futm_medium%3Djobshare%26mode%3Djob%26iis%3DLinkedIn&urlHash=aSkg&refId=vz%2FMeatcI5FrxQpY1qyb5Q%3D%3D&trackingId=m8iSempVM6%2BaogCD665N%2Bw%3D%3D&trk=public_jobs_apply-link-offsite,7.09%
09/10/22,Goldman Sachs,Engineering Strat - Associate/VP - GCEM (Global Currency and Emerging Markets),https://www.linkedin.com/jobs/view/externalApply/3223607508?url=https%3A%2F%2Fhdpc%2Efa%2Eus2%2Eoraclecloud%2Ecom%2FhcmUI%2FCandidateExperience%2Fen%2Fjob%2F104919%2F%3Futm_medium%3Djobshare%26mode%3Djob%26iis%3DLinkedIn&urlHash=Iut4&refId=vz%2FMeatcI5FrxQpY1qyb5Q%3D%3D&trackingId=9oFBOxNLA0VnmDrvKx7rTw%3D%3D&trk=public_jobs_apply-link-offsite,2.77%
09/10/22,Goldman Sachs,Asset Management Private - Business Intelligence Associate - Dallas,https://www.linkedin.com/jobs/view/externalApply/3239606751?url=https%3A%2F%2Fhdpc%2Efa%2Eus2%2Eoraclecloud%2Ecom%2FhcmUI%2FCandidateExperience%2Fen%2Fjob%2F89584%2F%3Futm_medium%3Djobshare%26mode%3Djob%26iis%3DLinkedIn&urlHash=vrGV&refId=vz%2FMeatcI5FrxQpY1qyb5Q%3D%3D&trackingId=9LEO4evpT8uMoNeXxGMi1g%3D%3D&trk=public_jobs_apply-link-offsite,1.69%
09/10/22,Goldman Sachs,Engineering- Site Reliability Engineer- VP- Menlo Park,https://www.linkedin.com/jobs/view/externalApply/2814205243?url=https%3A%2F%2Fhdpc%2Efa%2Eus2%2Eoraclecloud%2Ecom%2FhcmUI%2FCandidateExperience%2Fen%2Fjob%2F83218%2F%3Futm_medium%3Djobshare%26mode%3Djob%26iis%3DLinkedIn&urlHash=tW5o&refId=vz%2FMeatcI5FrxQpY1qyb5Q%3D%3D&trackingId=Fw5YaLYPH1EEFFjzRTMlaw%3D%3D&trk=public_jobs_apply-link-offsite,7.99%
09/10/22,Goldman Sachs,Internal Audit - Core Engineering Associate - Dallas TX,https://www.linkedin.com/jobs/view/externalApply/3073147712?url=https%3A%2F%2Fhdpc%2Efa%2Eus2%2Eoraclecloud%2Ecom%2FhcmUI%2FCandidateExperience%2Fen%2Fjob%2F101611%2F%3Futm_medium%3Djobshare%26mode%3Djob%26iis%3DLinkedIn&urlHash=Fopa&refId=vz%2FMeatcI5FrxQpY1qyb5Q%3D%3D&trackingId=C08Zb6YjPaS7l6PkwyKWOg%3D%3D&trk=public_jobs_apply-link-offsite,6.4%
09/10/22,Goldman Sachs,Product Manager in Compliance Engineering - Associate – New York,https://www.linkedin.com/jobs/view/externalApply/3223879186?url=https%3A%2F%2Fhdpc%2Efa%2Eus2%2Eoraclecloud%2Ecom%2FhcmUI%2FCandidateExperience%2Fen%2Fjob%2F99040%2F%3Futm_medium%3Djobshare%26mode%3Djob%26iis%3DLinkedIn&urlHash=_ReJ&refId=vz%2FMeatcI5FrxQpY1qyb5Q%3D%3D&trackingId=42N4pDb6blH8%2FVQ80Tk9gA%3D%3D&trk=public_jobs_apply-link-offsite,4.51%
09/10/22,Goldman Sachs,Commodities Structured Finance Investing & Lending Strats - Associate- NY,https://www.linkedin.com/jobs/view/externalApply/3246972752?url=https%3A%2F%2Fhdpc%2Efa%2Eus2%2Eoraclecloud%2Ecom%2FhcmUI%2FCandidateExperience%2Fen%2Fjob%2F105034%2F%3Futm_medium%3Djobshare%26mode%3Djob%26iis%3DLinkedIn&urlHash=byl0&refId=vz%2FMeatcI5FrxQpY1qyb5Q%3D%3D&trackingId=edud37VaN2k%2FlEoiaa8EeA%3D%3D&trk=public_jobs_apply-link-offsite,5.1%
09/10/22,Goldman Sachs,Executive Office- Software/Data Engineer Associate/Vice President - Global Marketing Brand Strategy & Research,https://www.linkedin.com/jobs/view/externalApply/3044019311?url=https%3A%2F%2Fhdpc%2Efa%2Eus2%2Eoraclecloud%2Ecom%2FhcmUI%2FCandidateExperience%2Fen%2Fjob%2F100386%2F%3Futm_medium%3Djobshare%26mode%3Djob%26iis%3DLinkedIn&urlHash=FlWJ&refId=vz%2FMeatcI5FrxQpY1qyb5Q%3D%3D&trackingId=NIk%2FUN2zDRcpEtm3d%2B7oBQ%3D%3D&trk=public_jobs_apply-link-offsite,4.9%
09/10/22,Goldman Sachs,Technical Product Manager - Associate - Marcus (CWM),https://www.linkedin.com/jobs/view/externalApply/3091037962?url=https%3A%2F%2Fhdpc%2Efa%2Eus2%2Eoraclecloud%2Ecom%2FhcmUI%2FCandidateExperience%2Fen%2Fjob%2F86132%2F%3Futm_medium%3Djobshare%26mode%3Djob%26iis%3DLinkedIn&urlHash=IzlV&refId=vz%2FMeatcI5FrxQpY1qyb5Q%3D%3D&trackingId=BPo7wCkFQAf9kZhmATNRhQ%3D%3D&trk=public_jobs_apply-link-offsite,3.85%
09/10/22,Goldman Sachs,Platform Data Engineer VP - Consumer and Wealth Mgmt Division,https://www.linkedin.com/jobs/view/externalApply/3046247537?url=https%3A%2F%2Fhdpc%2Efa%2Eus2%2Eoraclecloud%2Ecom%2FhcmUI%2FCandidateExperience%2Fen%2Fjob%2F99784%2F%3Futm_medium%3Djobshare%26mode%3Djob%26iis%3DLinkedIn&urlHash=f0bB&refId=vz%2FMeatcI5FrxQpY1qyb5Q%3D%3D&trackingId=pY3mL%2BDdpBKA5e8f2Nt4XQ%3D%3D&trk=public_jobs_apply-link-offsite,5.31%
09/10/22,Goldman Sachs,Internal Audit - Asset Management Engineering -Associate,https://www.linkedin.com/jobs/view/externalApply/2852797869?url=https%3A%2F%2Fhdpc%2Efa%2Eus2%2Eoraclecloud%2Ecom%2FhcmUI%2FCandidateExperience%2Fen%2Fjob%2F82826%2F%3Futm_medium%3Djobshare%26mode%3Djob%26iis%3DLinkedIn&urlHash=fdQY&refId=vz%2FMeatcI5FrxQpY1qyb5Q%3D%3D&trackingId=LxYRvVxnL3aQCWhh6lLYAw%3D%3D&trk=public_jobs_apply-link-offsite,4.04%
09/10/22,Goldman Sachs,Privacy Platform Developer VP (Dallas TX),https://www.linkedin.com/jobs/view/externalApply/3235213232?url=https%3A%2F%2Fhdpc%2Efa%2Eus2%2Eoraclecloud%2Ecom%2FhcmUI%2FCandidateExperience%2Fen%2Fjob%2F105190%2F%3Futm_medium%3Djobshare%26mode%3Djob%26iis%3DLinkedIn&urlHash=n9dv&refId=vz%2FMeatcI5FrxQpY1qyb5Q%3D%3D&trackingId=%2BnyaH8rFzVI2nK8ltXeLqQ%3D%3D&trk=public_jobs_apply-link-offsite,2.85%
09/10/22,Goldman Sachs,Internal Audit Global Markets Engineering Associate,https://www.linkedin.com/jobs/view/externalApply/2814204761?url=https%3A%2F%2Fhdpc%2Efa%2Eus2%2Eoraclecloud%2Ecom%2FhcmUI%2FCandidateExperience%2Fen%2Fjob%2F81794%2F%3Futm_medium%3Djobshare%26mode%3Djob%26iis%3DLinkedIn&urlHash=8Unk&refId=vz%2FMeatcI5FrxQpY1qyb5Q%3D%3D&trackingId=VgHhxkx3e3AJk%2FI4EeXBUA%3D%3D&trk=public_jobs_apply-link-offsite,4.64%
09/10/22,Goldman Sachs,Cloud Migration Engineer - Cloud Enablement,https://www.linkedin.com/jobs/view/externalApply/3092868630?url=https%3A%2F%2Fhdpc%2Efa%2Eus2%2Eoraclecloud%2Ecom%2FhcmUI%2FCandidateExperience%2Fen%2Fjob%2F100990%2F%3Futm_medium%3Djobshare%26mode%3Djob%26iis%3DLinkedIn&urlHash=Z88E&refId=vz%2FMeatcI5FrxQpY1qyb5Q%3D%3D&trackingId=hwRNk2kcrovAkm2hJPtINw%3D%3D&trk=public_jobs_apply-link-offsite,4.68%
09/10/22,Goldman Sachs,Transaction Banking – Client Reporting API Engineering Lead – Digital – Vice President,https://www.linkedin.com/jobs/view/externalApply/3115439140?url=https%3A%2F%2Fhdpc%2Efa%2Eus2%2Eoraclecloud%2Ecom%2FhcmUI%2FCandidateExperience%2Fen%2Fjob%2F82338%2F%3Futm_medium%3Djobshare%26mode%3Djob%26iis%3DLinkedIn&urlHash=o-uE&refId=vz%2FMeatcI5FrxQpY1qyb5Q%3D%3D&trackingId=0XcdmJU0I8Ygayc9JQ9wOA%3D%3D&trk=public_jobs_apply-link-offsite,6.03%
09/10/22,Goldman Sachs,Technical Product Manager - Vice President - Marcus (CWM),https://www.linkedin.com/jobs/view/externalApply/3091044225?url=https%3A%2F%2Fhdpc%2Efa%2Eus2%2Eoraclecloud%2Ecom%2FhcmUI%2FCandidateExperience%2Fen%2Fjob%2F88915%2F%3Futm_medium%3Djobshare%26mode%3Djob%26iis%3DLinkedIn&urlHash=868Y&refId=vz%2FMeatcI5FrxQpY1qyb5Q%3D%3D&trackingId=7j%2FIDovvFd1%2Fu%2BgGkGHsPQ%3D%3D&trk=public_jobs_apply-link-offsite,3.85%
09/10/22,Goldman Sachs,Cloud Migration Engineer VP - Cloud Enablement (Dallas TX),https://www.linkedin.com/jobs/view/externalApply/3203884042?url=https%3A%2F%2Fhdpc%2Efa%2Eus2%2Eoraclecloud%2Ecom%2FhcmUI%2FCandidateExperience%2Fen%2Fjob%2F104170%2F%3Futm_medium%3Djobshare%26mode%3Djob%26iis%3DLinkedIn&urlHash=mOCq&refId=vz%2FMeatcI5FrxQpY1qyb5Q%3D%3D&trackingId=nvRz%2FxxE8QgGfCLW191ISw%3D%3D&trk=public_jobs_apply-link-offsite,5.81%
09/10/22,Goldman Sachs,Internal Audit - Consumer Banking Associate,https://www.linkedin.com/jobs/view/externalApply/2880799650?url=https%3A%2F%2Fhdpc%2Efa%2Eus2%2Eoraclecloud%2Ecom%2FhcmUI%2FCandidateExperience%2Fen%2Fjob%2F91822%2F%3Futm_medium%3Djobshare%26mode%3Djob%26iis%3DLinkedIn&urlHash=qVAx&refId=vgr6jG%2BXFzShgBoqZ6Wvig%3D%3D&trackingId=Z3K66fh5gdTUAzuFezumJA%3D%3D&trk=public_jobs_apply-link-offsite,6.22%
09/10/22,Goldman Sachs,Transaction Banking – Software Engineer – Financial Risk – Vice President,https://www.linkedin.com/jobs/view/externalApply/2861641157?url=https%3A%2F%2Fhdpc%2Efa%2Eus2%2Eoraclecloud%2Ecom%2FhcmUI%2FCandidateExperience%2Fen%2Fjob%2F89663%2F%3Futm_medium%3Djobshare%26mode%3Djob%26iis%3DLinkedIn&urlHash=pPdh&refId=vgr6jG%2BXFzShgBoqZ6Wvig%3D%3D&trackingId=JxLNGPFu9YhaugJVL%2BWzEA%3D%3D&trk=public_jobs_apply-link-offsite,6.03%
09/10/22,Goldman Sachs,Transaction Banking-Engineering Lead-Deposits-Vice President,https://www.linkedin.com/jobs/view/externalApply/3200576949?url=https%3A%2F%2Fhdpc%2Efa%2Eus2%2Eoraclecloud%2Ecom%2FhcmUI%2FCandidateExperience%2Fen%2Fjob%2F82355%2F%3Futm_medium%3Djobshare%26mode%3Djob%26iis%3DLinkedIn&urlHash=SFRb&refId=vgr6jG%2BXFzShgBoqZ6Wvig%3D%3D&trackingId=7klfftlTTnhfgSq5Gw0viw%3D%3D&trk=public_jobs_apply-link-offsite,6.35%
09/10/22,Goldman Sachs,Tech Risk - Lead Risk Assessor (Digital Risk Office) - Vice President - New York,https://www.linkedin.com/jobs/view/externalApply/3161556099?url=https%3A%2F%2Fhdpc%2Efa%2Eus2%2Eoraclecloud%2Ecom%2FhcmUI%2FCandidateExperience%2Fen%2Fjob%2F92351%2F%3Futm_medium%3Djobshare%26mode%3Djob%26iis%3DLinkedIn&urlHash=wVIp&refId=vgr6jG%2BXFzShgBoqZ6Wvig%3D%3D&trackingId=wmK5llEm20l8%2ByrhfiTuLg%3D%3D&trk=public_jobs_apply-link-offsite,4.38%09/10/22,Instabase,Software Engineer  Intern (Frontend/Fullstack),https://www.linkedin.com/jobs/search?keywords=Software%2BEngineering&location=United%2BStates&geoId=103644278&f_E=1&f_C=6407994&currentJobId=3233533279&position=1&pageNum=0,4.42%
09/10/22,Instabase,Software Engineer  Intern (Backend),https://www.linkedin.com/jobs/search?keywords=Software%2BEngineering&location=United%2BStates&geoId=103644278&f_E=1&f_C=6407994&currentJobId=3259625662&position=3&pageNum=0,4.59%
09/10/22,Instabase,Software Engineer  Intern (Backend),https://www.linkedin.com/jobs/search?keywords=Software%2BEngineering&location=United%2BStates&geoId=103644278&f_E=1&f_C=6407994&currentJobId=3259629376&position=4&pageNum=0,4.59%
09/10/22,Instabase,Software Engineer  Intern (Frontend/Fullstack),https://www.linkedin.com/jobs/search?keywords=Software%2BEngineering&location=United%2BStates&geoId=103644278&f_E=1&f_C=6407994&currentJobId=3259626527&position=5&pageNum=0,4.42%
09/10/22,Instabase,Software Engineer  Intern (Frontend/Fullstack),https://www.linkedin.com/jobs/search?keywords=Software%2BEngineering&location=United%2BStates&geoId=103644278&f_E=1&f_C=6407994&currentJobId=3259629366&position=6&pageNum=0,4.42%
09/10/22,Nike,Innovation Engineering Graduate Internship,https://www.linkedin.com/jobs/view/externalApply/3247393625?url=https%3A%2F%2Fjobs%2Enike%2Ecom%2Fjob%2FURSRCINENGGI23%3Futm_source%3Dpowertofly&urlHash=Z2ai&refId=ypKfNwGj5eM6SrINlD14zw%3D%3D&trackingId=RsRrHigHZmFHeKF2M%2Bj39A%3D%3D&trk=public_jobs_apply-link-offsite,2.61%
09/10/22,Nike,Global Technology Engineer Graduate Internship,https://www.linkedin.com/jobs/view/externalApply/3254966633?url=https%3A%2F%2Fjobs%2Enike%2Ecom%2Fjob%2FURSRCGLTECHENGGI23%3Futm_source%3Dpowertofly&urlHash=7_QL&refId=ypKfNwGj5eM6SrINlD14zw%3D%3D&trackingId=Kou4Z%2FMqxzJCKlymFgV8Aw%3D%3D&trk=public_jobs_apply-link-offsite,5.37%
09/10/22,Nike,Computational Engineering Graduate Internship,https://www.linkedin.com/jobs/view/externalApply/3247394625?url=https%3A%2F%2Fjobs%2Enike%2Ecom%2Fjob%2FURSRCCOMPENGGI23%3Futm_source%3Dpowertofly&urlHash=DZ0P&refId=ypKfNwGj5eM6SrINlD14zw%3D%3D&trackingId=utndRBnvmFgND9YrHQiD9A%3D%3D&trk=public_jobs_apply-link-offsite,3.66%
09/10/22,Goldman Sachs,Associate Software Engineering - GS Web Products (New York NY),https://www.linkedin.com/jobs/view/externalApply/3203884041?url=https%3A%2F%2Fhdpc%2Efa%2Eus2%2Eoraclecloud%2Ecom%2FhcmUI%2FCandidateExperience%2Fen%2Fjob%2F104161%2F%3Futm_medium%3Djobshare%26mode%3Djob%26iis%3DLinkedIn&urlHash=Va32&refId=FIp%2B6Mt%2Bxl5b3aITXwHLtg%3D%3D&trackingId=5pjArpZdhhoUHDAF2EV0dQ%3D%3D&trk=public_jobs_apply-link-offsite,7.14%
09/10/22,Goldman Sachs,GS EC - SWE - Full Stack/Back End Engineer,https://www.linkedin.com/jobs/view/externalApply/2814202574?url=https%3A%2F%2Fhdpc%2Efa%2Eus2%2Eoraclecloud%2Ecom%2FhcmUI%2FCandidateExperience%2Fen%2Fjob%2F87701%2F%3Futm_medium%3Djobshare%26mode%3Djob%26iis%3DLinkedIn&urlHash=06kC&refId=FIp%2B6Mt%2Bxl5b3aITXwHLtg%3D%3D&trackingId=EnEuiNb7qvmeLH1X61jH1g%3D%3D&trk=public_jobs_apply-link-offsite,7.14%
09/10/22,Goldman Sachs,Engineering-L2-DALLAS-Associate-Software Engineering,https://www.linkedin.com/jobs/view/externalApply/3234570325?url=https%3A%2F%2Fhdpc%2Efa%2Eus2%2Eoraclecloud%2Ecom%2FhcmUI%2FCandidateExperience%2Fen%2Fjob%2F105138%2F%3Futm_medium%3Djobshare%26mode%3Djob%26iis%3DLinkedIn&urlHash=RLtF&refId=FIp%2B6Mt%2Bxl5b3aITXwHLtg%3D%3D&trackingId=%2FQwRQiSLKDPZpt8F6NBskw%3D%3D&trk=public_jobs_apply-link-offsite,7.14%
09/10/22,Goldman Sachs,Software Engineer - Equity Derivatives Engineering - Associate,https://www.linkedin.com/jobs/view/externalApply/3077093885?url=https%3A%2F%2Fhdpc%2Efa%2Eus2%2Eoraclecloud%2Ecom%2FhcmUI%2FCandidateExperience%2Fen%2Fjob%2F99963%2F%3Futm_medium%3Djobshare%26mode%3Djob%26iis%3DLinkedIn&urlHash=deAW&refId=FIp%2B6Mt%2Bxl5b3aITXwHLtg%3D%3D&trackingId=fX1UjadZb9FhCXoQOGd9zg%3D%3D&trk=public_jobs_apply-link-offsite,4.36%
09/10/22,Goldman Sachs,Software Engineer Dallas,https://www.linkedin.com/jobs/view/externalApply/3234569978?url=https%3A%2F%2Fhdpc%2Efa%2Eus2%2Eoraclecloud%2Ecom%2FhcmUI%2FCandidateExperience%2Fen%2Fjob%2F105007%2F%3Futm_medium%3Djobshare%26mode%3Djob%26iis%3DLinkedIn&urlHash=FQie&refId=FIp%2B6Mt%2Bxl5b3aITXwHLtg%3D%3D&trackingId=1zHWovZpFaWQXS7yr8dPCw%3D%3D&trk=public_jobs_apply-link-offsite,6.38%
09/10/22,Goldman Sachs,2022 | Front-end Software Engineer| Associate | Dallas,https://www.linkedin.com/jobs/view/externalApply/2814201551?url=https%3A%2F%2Fhdpc%2Efa%2Eus2%2Eoraclecloud%2Ecom%2FhcmUI%2FCandidateExperience%2Fen%2Fjob%2F87768%2F%3Futm_medium%3Djobshare%26mode%3Djob%26iis%3DLinkedIn&urlHash=hGnT&refId=FIp%2B6Mt%2Bxl5b3aITXwHLtg%3D%3D&trackingId=tImfi4LEuOQVNlAj17KWNA%3D%3D&trk=public_jobs_apply-link-offsite,4.75%
09/10/22,Goldman Sachs,Software Engineer - Equities One Delta ETF Strats - Associate - NY,https://www.linkedin.com/jobs/view/externalApply/3169120889?url=https%3A%2F%2Fhdpc%2Efa%2Eus2%2Eoraclecloud%2Ecom%2FhcmUI%2FCandidateExperience%2Fen%2Fjob%2F101907%2F%3Futm_medium%3Djobshare%26mode%3Djob%26iis%3DLinkedIn&urlHash=Mhgl&refId=FIp%2B6Mt%2Bxl5b3aITXwHLtg%3D%3D&trackingId=KmiaCNX%2BtxaJE9m%2F9rBGEA%3D%3D&trk=public_jobs_apply-link-offsite,6.32%
09/10/22,Goldman Sachs,Software Engineer - Cloud - Marquee,https://www.linkedin.com/jobs/view/externalApply/3246968987?url=https%3A%2F%2Fhdpc%2Efa%2Eus2%2Eoraclecloud%2Ecom%2FhcmUI%2FCandidateExperience%2Fen%2Fjob%2F90666%2F%3Futm_medium%3Djobshare%26mode%3Djob%26iis%3DLinkedIn&urlHash=yoZc&refId=FIp%2B6Mt%2Bxl5b3aITXwHLtg%3D%3D&trackingId=difBqeoe%2Fhbm7ejLeNzO4g%3D%3D&trk=public_jobs_apply-link-offsite,5.79%
09/10/22,Goldman Sachs,Analyst Software Engineering - GS Web Products (New York NY),https://www.linkedin.com/jobs/view/externalApply/3250875665?url=https%3A%2F%2Fhdpc%2Efa%2Eus2%2Eoraclecloud%2Ecom%2FhcmUI%2FCandidateExperience%2Fen%2Fjob%2F104479%2F%3Futm_medium%3Djobshare%26mode%3Djob%26iis%3DLinkedIn&urlHash=DXeM&refId=FIp%2B6Mt%2Bxl5b3aITXwHLtg%3D%3D&trackingId=1wHz%2F%2FeKkrtQ3pqQBT9qDQ%3D%3D&trk=public_jobs_apply-link-offsite,4.68%
09/10/22,Goldman Sachs,GS EC - Front End Engineer,https://www.linkedin.com/jobs/view/externalApply/2814200749?url=https%3A%2F%2Fhdpc%2Efa%2Eus2%2Eoraclecloud%2Ecom%2FhcmUI%2FCandidateExperience%2Fen%2Fjob%2F87706%2F%3Futm_medium%3Djobshare%26mode%3Djob%26iis%3DLinkedIn&urlHash=hEfx&refId=FIp%2B6Mt%2Bxl5b3aITXwHLtg%3D%3D&trackingId=gFbfwJJukk3j9PMOJTLIdA%3D%3D&trk=public_jobs_apply-link-offsite,4.75%
09/10/22,Goldman Sachs,Software Engineer - Payments Platform,https://www.linkedin.com/jobs/view/externalApply/3226295053?url=https%3A%2F%2Fhdpc%2Efa%2Eus2%2Eoraclecloud%2Ecom%2FhcmUI%2FCandidateExperience%2Fen%2Fjob%2F84056%2F%3Futm_medium%3Djobshare%26mode%3Djob%26iis%3DLinkedIn&urlHash=tCcd&refId=FIp%2B6Mt%2Bxl5b3aITXwHLtg%3D%3D&trackingId=UJCHHmNFj10mCJ0nB3Dr5g%3D%3D&trk=public_jobs_apply-link-offsite,5.87%
09/10/22,Goldman Sachs,Engineering-DALLAS-Associate-Software Engineering,https://www.linkedin.com/jobs/view/externalApply/3256853543?url=https%3A%2F%2Fhdpc%2Efa%2Eus2%2Eoraclecloud%2Ecom%2FhcmUI%2FCandidateExperience%2Fen%2Fjob%2F104379%2F%3Futm_medium%3Djobshare%26mode%3Djob%26iis%3DLinkedIn&urlHash=ZA3P&refId=FIp%2B6Mt%2Bxl5b3aITXwHLtg%3D%3D&trackingId=3gnVfFzWLOsimA9OJ9%2BEhA%3D%3D&trk=public_jobs_apply-link-offsite,7.7%
09/10/22,Goldman Sachs,GS EC - Front End Engineer,https://www.linkedin.com/jobs/view/externalApply/2814205330?url=https%3A%2F%2Fhdpc%2Efa%2Eus2%2Eoraclecloud%2Ecom%2FhcmUI%2FCandidateExperience%2Fen%2Fjob%2F87703%2F%3Futm_medium%3Djobshare%26mode%3Djob%26iis%3DLinkedIn&urlHash=4XFd&refId=FIp%2B6Mt%2Bxl5b3aITXwHLtg%3D%3D&trackingId=uQ%2FZGWM9sXHoQevwJMq8XA%3D%3D&trk=public_jobs_apply-link-offsite,4.75%
09/10/22,Goldman Sachs,Cloud Software Engineer,https://www.linkedin.com/jobs/view/externalApply/3212349024?url=https%3A%2F%2Fhdpc%2Efa%2Eus2%2Eoraclecloud%2Ecom%2FhcmUI%2FCandidateExperience%2Fen%2Fjob%2F104368%2F%3Futm_medium%3Djobshare%26mode%3Djob%26iis%3DLinkedIn&urlHash=mVja&refId=FIp%2B6Mt%2Bxl5b3aITXwHLtg%3D%3D&trackingId=eCFFWoqcX5i8jr3KZEkbtw%3D%3D&trk=public_jobs_apply-link-offsite,6.6%
09/10/22,Goldman Sachs,2022 | Engineering - Front-End/UI Developer - Software Engineer - Analyst | Dallas,https://www.linkedin.com/jobs/view/externalApply/2814207164?url=https%3A%2F%2Fhdpc%2Efa%2Eus2%2Eoraclecloud%2Ecom%2FhcmUI%2FCandidateExperience%2Fen%2Fjob%2F87704%2F%3Futm_medium%3Djobshare%26mode%3Djob%26iis%3DLinkedIn&urlHash=o5Q0&refId=FIp%2B6Mt%2Bxl5b3aITXwHLtg%3D%3D&trackingId=ZXaGzgeAXEGWNaYlSFul1g%3D%3D&trk=public_jobs_apply-link-offsite,4.75%
09/10/22,Goldman Sachs,Associate - GMD5258229,https://www.linkedin.com/jobs/view/externalApply/2984653215?url=https%3A%2F%2Fhdpc%2Efa%2Eus2%2Eoraclecloud%2Ecom%2FhcmUI%2FCandidateExperience%2Fen%2Fjob%2F82191%2F%3Futm_medium%3Djobshare%26mode%3Djob%26iis%3DLinkedIn&urlHash=4KwN&refId=FIp%2B6Mt%2Bxl5b3aITXwHLtg%3D%3D&trackingId=Lp9tO%2FNGUzvlIgdysRWTrA%3D%3D&trk=public_jobs_apply-link-offsite,9.74%
09/10/22,Goldman Sachs,Associate - ENGG5341934,https://www.linkedin.com/jobs/view/externalApply/2984657013?url=https%3A%2F%2Fhdpc%2Efa%2Eus2%2Eoraclecloud%2Ecom%2FhcmUI%2FCandidateExperience%2Fen%2Fjob%2F84326%2F%3Futm_medium%3Djobshare%26mode%3Djob%26iis%3DLinkedIn&urlHash=vV-n&refId=FIp%2B6Mt%2Bxl5b3aITXwHLtg%3D%3D&trackingId=srftOrPR4D9eGUHc0Vekjg%3D%3D&trk=public_jobs_apply-link-offsite,9.26%
09/10/22,Goldman Sachs,2022 | Front End/UI Developer | Associate | Salt Lake City,https://www.linkedin.com/jobs/view/externalApply/2814203465?url=https%3A%2F%2Fhdpc%2Efa%2Eus2%2Eoraclecloud%2Ecom%2FhcmUI%2FCandidateExperience%2Fen%2Fjob%2F87646%2F%3Futm_medium%3Djobshare%26mode%3Djob%26iis%3DLinkedIn&urlHash=8uJp&refId=FIp%2B6Mt%2Bxl5b3aITXwHLtg%3D%3D&trackingId=VJe6yIwTlhlvA9AaMkhhBA%3D%3D&trk=public_jobs_apply-link-offsite,4.75%
09/10/22,Goldman Sachs,Engineering-Site Reliability Engineer-VP-New York,https://www.linkedin.com/jobs/view/externalApply/3199937104?url=https%3A%2F%2Fhdpc%2Efa%2Eus2%2Eoraclecloud%2Ecom%2FhcmUI%2FCandidateExperience%2Fen%2Fsites%2FCX_1%2Fjob%2F87201%2F%3Futm_medium%3Djobshare&urlHash=Kts0&refId=FIp%2B6Mt%2Bxl5b3aITXwHLtg%3D%3D&trackingId=yyNDcnqUjmVFR9yyG3PQnQ%3D%3D&trk=public_jobs_apply-link-offsite,4.22%
09/10/22,Goldman Sachs,Java Engineer – New Project (Accelerate) – VP,https://www.linkedin.com/jobs/view/externalApply/3053422314?url=https%3A%2F%2Fhdpc%2Efa%2Eus2%2Eoraclecloud%2Ecom%2FhcmUI%2FCandidateExperience%2Fen%2Fjob%2F99613%2F%3Futm_medium%3Djobshare%26mode%3Djob%26iis%3DLinkedIn&urlHash=Ng5C&refId=FIp%2B6Mt%2Bxl5b3aITXwHLtg%3D%3D&trackingId=LX9Zvv6zY%2FoHRhFalOWWiQ%3D%3D&trk=public_jobs_apply-link-offsite,2.08%
09/10/22,Goldman Sachs,Engineering- Site Reliability Engineer- VP- New York,https://www.linkedin.com/jobs/view/externalApply/3103866541?url=https%3A%2F%2Fhdpc%2Efa%2Eus2%2Eoraclecloud%2Ecom%2FhcmUI%2FCandidateExperience%2Fen%2Fjob%2F87201%2F%3Futm_medium%3Djobshare%26mode%3Djob%26iis%3DLinkedIn&urlHash=M7P9&refId=FIp%2B6Mt%2Bxl5b3aITXwHLtg%3D%3D&trackingId=wGfTsHGeROtkQEqa3NR3WA%3D%3D&trk=public_jobs_apply-link-offsite,8.37%
09/10/22,Goldman Sachs,2022 | Front End/UI Developer | Analyst | Salt Lake City,https://www.linkedin.com/jobs/view/externalApply/2814200756?url=https%3A%2F%2Fhdpc%2Efa%2Eus2%2Eoraclecloud%2Ecom%2FhcmUI%2FCandidateExperience%2Fen%2Fjob%2F87631%2F%3Futm_medium%3Djobshare%26mode%3Djob%26iis%3DLinkedIn&urlHash=oKY2&refId=FIp%2B6Mt%2Bxl5b3aITXwHLtg%3D%3D&trackingId=3vbYK35QDepSgfqbdw%2BGUg%3D%3D&trk=public_jobs_apply-link-offsite,4.75%
09/10/22,Goldman Sachs,Data Quality Software Engineer - Data Lake Engineering - Dallas,https://www.linkedin.com/jobs/view/externalApply/2920026153?url=https%3A%2F%2Fhdpc%2Efa%2Eus2%2Eoraclecloud%2Ecom%2FhcmUI%2FCandidateExperience%2Fen%2Fjob%2F83845%2F%3Futm_medium%3Djobshare%26mode%3Djob%26iis%3DLinkedIn&urlHash=BSva&refId=FIp%2B6Mt%2Bxl5b3aITXwHLtg%3D%3D&trackingId=MOnq90So0tLlLct6N7q0RA%3D%3D&trk=public_jobs_apply-link-offsite,2.06%
09/10/22,Goldman Sachs,Associate Software Engineering - GS Web Products (New York NY),https://www.linkedin.com/jobs/view/externalApply/3203884041?url=https%3A%2F%2Fhdpc%2Efa%2Eus2%2Eoraclecloud%2Ecom%2FhcmUI%2FCandidateExperience%2Fen%2Fjob%2F104161%2F%3Futm_medium%3Djobshare%26mode%3Djob%26iis%3DLinkedIn&urlHash=Va32&refId=Jt2HJEz7Di7BRvTpVPAwdw%3D%3D&trackingId=Ygvf4F%2BaSyBsW6uqzQOrVQ%3D%3D&trk=public_jobs_apply-link-offsite,7.14%
09/10/22,Goldman Sachs,GS EC - SWE - Full Stack/Back End Engineer,https://www.linkedin.com/jobs/view/externalApply/2814200740?url=https%3A%2F%2Fhdpc%2Efa%2Eus2%2Eoraclecloud%2Ecom%2FhcmUI%2FCandidateExperience%2Fen%2Fjob%2F87698%2F%3Futm_medium%3Djobshare%26mode%3Djob%26iis%3DLinkedIn&urlHash=fC1B&refId=Jt2HJEz7Di7BRvTpVPAwdw%3D%3D&trackingId=tbpz%2FiYZn8yyrZiE12V7Ug%3D%3D&trk=public_jobs_apply-link-offsite,7.14%
09/10/22,Goldman Sachs,2022 | Full Stack/Back-end Software Engineer | Analyst | Dallas,https://www.linkedin.com/jobs/view/externalApply/2814207167?url=https%3A%2F%2Fhdpc%2Efa%2Eus2%2Eoraclecloud%2Ecom%2FhcmUI%2FCandidateExperience%2Fen%2Fjob%2F87616%2F%3Futm_medium%3Djobshare%26mode%3Djob%26iis%3DLinkedIn&urlHash=zB6G&refId=Jt2HJEz7Di7BRvTpVPAwdw%3D%3D&trackingId=VYynynRllgKgYJcTu9f%2FGg%3D%3D&trk=public_jobs_apply-link-offsite,7.14%
09/10/22,Goldman Sachs,Engineering-L2-DALLAS-Associate-Software Engineering,https://www.linkedin.com/jobs/view/externalApply/3234570325?url=https%3A%2F%2Fhdpc%2Efa%2Eus2%2Eoraclecloud%2Ecom%2FhcmUI%2FCandidateExperience%2Fen%2Fjob%2F105138%2F%3Futm_medium%3Djobshare%26mode%3Djob%26iis%3DLinkedIn&urlHash=RLtF&refId=Jt2HJEz7Di7BRvTpVPAwdw%3D%3D&trackingId=B0r0RVPZLLFVMVx6RA3u3g%3D%3D&trk=public_jobs_apply-link-offsite,7.14%
09/10/22,Goldman Sachs,Software Engineer - Equity Derivatives Engineering - Associate,https://www.linkedin.com/jobs/view/externalApply/3077093885?url=https%3A%2F%2Fhdpc%2Efa%2Eus2%2Eoraclecloud%2Ecom%2FhcmUI%2FCandidateExperience%2Fen%2Fjob%2F99963%2F%3Futm_medium%3Djobshare%26mode%3Djob%26iis%3DLinkedIn&urlHash=deAW&refId=Jt2HJEz7Di7BRvTpVPAwdw%3D%3D&trackingId=cVVC776vDT4yfxQLh7QnJA%3D%3D&trk=public_jobs_apply-link-offsite,4.36%
09/10/22,Goldman Sachs,Software Engineer Mobile Platform Team- Associate- Dallas,https://www.linkedin.com/jobs/view/externalApply/3262495271?url=https%3A%2F%2Fhdpc%2Efa%2Eus2%2Eoraclecloud%2Ecom%2FhcmUI%2FCandidateExperience%2Fen%2Fjob%2F103074%2F%3Futm_medium%3Djobshare%26mode%3Djob%26iis%3DLinkedIn&urlHash=3lb7&refId=Jt2HJEz7Di7BRvTpVPAwdw%3D%3D&trackingId=GgGhqTDiG9avz5sZDjtxTQ%3D%3D&trk=public_jobs_apply-link-offsite,7.14%
09/10/22,Goldman Sachs,Software Engineer Dallas,https://www.linkedin.com/jobs/view/externalApply/3234569978?url=https%3A%2F%2Fhdpc%2Efa%2Eus2%2Eoraclecloud%2Ecom%2FhcmUI%2FCandidateExperience%2Fen%2Fjob%2F105007%2F%3Futm_medium%3Djobshare%26mode%3Djob%26iis%3DLinkedIn&urlHash=FQie&refId=Jt2HJEz7Di7BRvTpVPAwdw%3D%3D&trackingId=p1K1PWhs%2BRZMqgqm5ea3Hg%3D%3D&trk=public_jobs_apply-link-offsite,6.38%
09/10/22,Goldman Sachs,Engineering-DALLAS-Associate-Software Engineering,https://www.linkedin.com/jobs/view/externalApply/3256853543?url=https%3A%2F%2Fhdpc%2Efa%2Eus2%2Eoraclecloud%2Ecom%2FhcmUI%2FCandidateExperience%2Fen%2Fjob%2F104379%2F%3Futm_medium%3Djobshare%26mode%3Djob%26iis%3DLinkedIn&urlHash=ZA3P&refId=Jt2HJEz7Di7BRvTpVPAwdw%3D%3D&trackingId=MODlgPBti4depovkK7eIUA%3D%3D&trk=public_jobs_apply-link-offsite,7.7%
09/10/22,Goldman Sachs,2022 | Front-end Software Engineer| Associate | Dallas,https://www.linkedin.com/jobs/view/externalApply/2814201551?url=https%3A%2F%2Fhdpc%2Efa%2Eus2%2Eoraclecloud%2Ecom%2FhcmUI%2FCandidateExperience%2Fen%2Fjob%2F87768%2F%3Futm_medium%3Djobshare%26mode%3Djob%26iis%3DLinkedIn&urlHash=hGnT&refId=Jt2HJEz7Di7BRvTpVPAwdw%3D%3D&trackingId=mDO5QCZwXP50khbxYP%2BxIg%3D%3D&trk=public_jobs_apply-link-offsite,4.75%
09/10/22,Goldman Sachs,Software Engineer - Equities One Delta ETF Strats - Associate - NY,https://www.linkedin.com/jobs/view/externalApply/3169120889?url=https%3A%2F%2Fhdpc%2Efa%2Eus2%2Eoraclecloud%2Ecom%2FhcmUI%2FCandidateExperience%2Fen%2Fjob%2F101907%2F%3Futm_medium%3Djobshare%26mode%3Djob%26iis%3DLinkedIn&urlHash=Mhgl&refId=Jt2HJEz7Di7BRvTpVPAwdw%3D%3D&trackingId=T933UWYQrq1O8HEte4dmNQ%3D%3D&trk=public_jobs_apply-link-offsite,6.32%
09/10/22,Goldman Sachs,Software Engineer - Cloud - Marquee,https://www.linkedin.com/jobs/view/externalApply/3246968987?url=https%3A%2F%2Fhdpc%2Efa%2Eus2%2Eoraclecloud%2Ecom%2FhcmUI%2FCandidateExperience%2Fen%2Fjob%2F90666%2F%3Futm_medium%3Djobshare%26mode%3Djob%26iis%3DLinkedIn&urlHash=yoZc&refId=Jt2HJEz7Di7BRvTpVPAwdw%3D%3D&trackingId=Wxo3v00ZMC%2BwAdBbSGq10g%3D%3D&trk=public_jobs_apply-link-offsite,5.79%
09/10/22,Goldman Sachs,Analyst Software Engineering - GS Web Products (New York NY),https://www.linkedin.com/jobs/view/externalApply/3250875665?url=https%3A%2F%2Fhdpc%2Efa%2Eus2%2Eoraclecloud%2Ecom%2FhcmUI%2FCandidateExperience%2Fen%2Fjob%2F104479%2F%3Futm_medium%3Djobshare%26mode%3Djob%26iis%3DLinkedIn&urlHash=DXeM&refId=Jt2HJEz7Di7BRvTpVPAwdw%3D%3D&trackingId=Q4xCNdpQzaeklS0VkaFk5Q%3D%3D&trk=public_jobs_apply-link-offsite,4.68%
09/10/22,Goldman Sachs,GS EC - Front End Engineer,https://www.linkedin.com/jobs/view/externalApply/2814200749?url=https%3A%2F%2Fhdpc%2Efa%2Eus2%2Eoraclecloud%2Ecom%2FhcmUI%2FCandidateExperience%2Fen%2Fjob%2F87706%2F%3Futm_medium%3Djobshare%26mode%3Djob%26iis%3DLinkedIn&urlHash=hEfx&refId=Jt2HJEz7Di7BRvTpVPAwdw%3D%3D&trackingId=3b0jaSbJmqvb54GWgTgorw%3D%3D&trk=public_jobs_apply-link-offsite,4.75%
09/10/22,Goldman Sachs,Software Engineer - Payments Platform,https://www.linkedin.com/jobs/view/externalApply/3226295053?url=https%3A%2F%2Fhdpc%2Efa%2Eus2%2Eoraclecloud%2Ecom%2FhcmUI%2FCandidateExperience%2Fen%2Fjob%2F84056%2F%3Futm_medium%3Djobshare%26mode%3Djob%26iis%3DLinkedIn&urlHash=tCcd&refId=Jt2HJEz7Di7BRvTpVPAwdw%3D%3D&trackingId=nv%2FLJ%2B1VoMaCnle7TpuCfQ%3D%3D&trk=public_jobs_apply-link-offsite,5.87%
09/10/22,Goldman Sachs,GS EC - Front End Engineer,https://www.linkedin.com/jobs/view/externalApply/2814205330?url=https%3A%2F%2Fhdpc%2Efa%2Eus2%2Eoraclecloud%2Ecom%2FhcmUI%2FCandidateExperience%2Fen%2Fjob%2F87703%2F%3Futm_medium%3Djobshare%26mode%3Djob%26iis%3DLinkedIn&urlHash=4XFd&refId=Jt2HJEz7Di7BRvTpVPAwdw%3D%3D&trackingId=UwMRIC8cMKD%2FCMdeyBgcPQ%3D%3D&trk=public_jobs_apply-link-offsite,4.75%
09/10/22,Goldman Sachs,Cloud Software Engineer,https://www.linkedin.com/jobs/view/externalApply/3212349024?url=https%3A%2F%2Fhdpc%2Efa%2Eus2%2Eoraclecloud%2Ecom%2FhcmUI%2FCandidateExperience%2Fen%2Fjob%2F104368%2F%3Futm_medium%3Djobshare%26mode%3Djob%26iis%3DLinkedIn&urlHash=mVja&refId=Jt2HJEz7Di7BRvTpVPAwdw%3D%3D&trackingId=U3md07XsLScKR6lSRzqpVw%3D%3D&trk=public_jobs_apply-link-offsite,6.6%
09/10/22,Goldman Sachs,2022 | Engineering - Front-End/UI Developer - Software Engineer - Analyst | Dallas,https://www.linkedin.com/jobs/view/externalApply/2814207164?url=https%3A%2F%2Fhdpc%2Efa%2Eus2%2Eoraclecloud%2Ecom%2FhcmUI%2FCandidateExperience%2Fen%2Fjob%2F87704%2F%3Futm_medium%3Djobshare%26mode%3Djob%26iis%3DLinkedIn&urlHash=o5Q0&refId=Jt2HJEz7Di7BRvTpVPAwdw%3D%3D&trackingId=UjqoFVf1OtjhqHZqD84k4g%3D%3D&trk=public_jobs_apply-link-offsite,4.75%
09/10/22,Goldman Sachs,Associate - GMD5258229,https://www.linkedin.com/jobs/view/externalApply/2984653215?url=https%3A%2F%2Fhdpc%2Efa%2Eus2%2Eoraclecloud%2Ecom%2FhcmUI%2FCandidateExperience%2Fen%2Fjob%2F82191%2F%3Futm_medium%3Djobshare%26mode%3Djob%26iis%3DLinkedIn&urlHash=4KwN&refId=Jt2HJEz7Di7BRvTpVPAwdw%3D%3D&trackingId=hpiEKFn6OTeQdtHVRT3Q1g%3D%3D&trk=public_jobs_apply-link-offsite,9.74%
09/10/22,Goldman Sachs,Associate - ENGG5341934,https://www.linkedin.com/jobs/view/externalApply/2984657013?url=https%3A%2F%2Fhdpc%2Efa%2Eus2%2Eoraclecloud%2Ecom%2FhcmUI%2FCandidateExperience%2Fen%2Fjob%2F84326%2F%3Futm_medium%3Djobshare%26mode%3Djob%26iis%3DLinkedIn&urlHash=vV-n&refId=Jt2HJEz7Di7BRvTpVPAwdw%3D%3D&trackingId=RKDQxY30Zu7ZerOfvIMfpA%3D%3D&trk=public_jobs_apply-link-offsite,9.26%
09/10/22,Goldman Sachs,2022 | Front End/UI Developer | Associate | Salt Lake City,https://www.linkedin.com/jobs/view/externalApply/2814203465?url=https%3A%2F%2Fhdpc%2Efa%2Eus2%2Eoraclecloud%2Ecom%2FhcmUI%2FCandidateExperience%2Fen%2Fjob%2F87646%2F%3Futm_medium%3Djobshare%26mode%3Djob%26iis%3DLinkedIn&urlHash=8uJp&refId=Jt2HJEz7Di7BRvTpVPAwdw%3D%3D&trackingId=Nyg6U%2BE1T%2BN9064jIf3NWg%3D%3D&trk=public_jobs_apply-link-offsite,4.75%
09/10/22,Goldman Sachs,Engineering-Site Reliability Engineer-VP-New York,https://www.linkedin.com/jobs/view/externalApply/3199937104?url=https%3A%2F%2Fhdpc%2Efa%2Eus2%2Eoraclecloud%2Ecom%2FhcmUI%2FCandidateExperience%2Fen%2Fsites%2FCX_1%2Fjob%2F87201%2F%3Futm_medium%3Djobshare&urlHash=Kts0&refId=Jt2HJEz7Di7BRvTpVPAwdw%3D%3D&trackingId=D9x6tRlPrGF%2FWdUxnTwabw%3D%3D&trk=public_jobs_apply-link-offsite,4.22%
09/10/22,Goldman Sachs,Java Engineer – New Project (Accelerate) – VP,https://www.linkedin.com/jobs/view/externalApply/3053422314?url=https%3A%2F%2Fhdpc%2Efa%2Eus2%2Eoraclecloud%2Ecom%2FhcmUI%2FCandidateExperience%2Fen%2Fjob%2F99613%2F%3Futm_medium%3Djobshare%26mode%3Djob%26iis%3DLinkedIn&urlHash=Ng5C&refId=Jt2HJEz7Di7BRvTpVPAwdw%3D%3D&trackingId=WnTFliyLJTDR%2F0vNk2puZA%3D%3D&trk=public_jobs_apply-link-offsite,2.08%
09/10/22,Goldman Sachs,Engineering- Site Reliability Engineer- VP- New York,https://www.linkedin.com/jobs/view/externalApply/3103866541?url=https%3A%2F%2Fhdpc%2Efa%2Eus2%2Eoraclecloud%2Ecom%2FhcmUI%2FCandidateExperience%2Fen%2Fjob%2F87201%2F%3Futm_medium%3Djobshare%26mode%3Djob%26iis%3DLinkedIn&urlHash=M7P9&refId=Jt2HJEz7Di7BRvTpVPAwdw%3D%3D&trackingId=oB0jZWPPiPsrXg20%2BKlD6Q%3D%3D&trk=public_jobs_apply-link-offsite,8.37%
09/10/22,Goldman Sachs,Equity Derivatives Automation Strats - Associate,https://www.linkedin.com/jobs/view/externalApply/3126454304?url=https%3A%2F%2Fhdpc%2Efa%2Eus2%2Eoraclecloud%2Ecom%2FhcmUI%2FCandidateExperience%2Fen%2Fjob%2F93427%2F%3Futm_medium%3Djobshare%26mode%3Djob%26iis%3DLinkedIn&urlHash=rWzv&refId=Jt2HJEz7Di7BRvTpVPAwdw%3D%3D&trackingId=3U2qvwV3DB4AWRG3jJBD0Q%3D%3D&trk=public_jobs_apply-link-offsite,4.04%
09/10/22,Goldman Sachs,2022 | Front End/UI Developer | Analyst | Salt Lake City,https://www.linkedin.com/jobs/view/externalApply/2814200756?url=https%3A%2F%2Fhdpc%2Efa%2Eus2%2Eoraclecloud%2Ecom%2FhcmUI%2FCandidateExperience%2Fen%2Fjob%2F87631%2F%3Futm_medium%3Djobshare%26mode%3Djob%26iis%3DLinkedIn&urlHash=oKY2&refId=bg4vB8PTjPvwrTdqrt9aLg%3D%3D&trackingId=yYl3WbqiLg4KM%2BmE3XxkEw%3D%3D&trk=public_jobs_apply-link-offsite,4.75%
09/10/22,Goldman Sachs,Data Quality Software Engineer - Data Lake Engineering - Dallas,https://www.linkedin.com/jobs/view/externalApply/2920026153?url=https%3A%2F%2Fhdpc%2Efa%2Eus2%2Eoraclecloud%2Ecom%2FhcmUI%2FCandidateExperience%2Fen%2Fjob%2F83845%2F%3Futm_medium%3Djobshare%26mode%3Djob%26iis%3DLinkedIn&urlHash=BSva&refId=bg4vB8PTjPvwrTdqrt9aLg%3D%3D&trackingId=d0mKj2K0Q5YIclE9Vqy6ng%3D%3D&trk=public_jobs_apply-link-offsite,2.06%
09/10/22,Goldman Sachs,Product Security Engineering Associate,https://www.linkedin.com/jobs/view/externalApply/2893746671?url=https%3A%2F%2Fhdpc%2Efa%2Eus2%2Eoraclecloud%2Ecom%2FhcmUI%2FCandidateExperience%2Fen%2Fjob%2F91326%2F%3Futm_medium%3Djobshare%26mode%3Djob%26iis%3DLinkedIn&urlHash=3MA5&refId=bg4vB8PTjPvwrTdqrt9aLg%3D%3D&trackingId=cXFSEIrZynxj7TVcZC6nmQ%3D%3D&trk=public_jobs_apply-link-offsite,3.02%
09/10/22,Goldman Sachs,Transaction Banking- Engineering Risk- Software Engineering-Associate,https://www.linkedin.com/jobs/view/externalApply/2962009466?url=https%3A%2F%2Fhdpc%2Efa%2Eus2%2Eoraclecloud%2Ecom%2FhcmUI%2FCandidateExperience%2Fen%2Fjob%2F96558%2F%3Futm_medium%3Djobshare%26mode%3Djob%26iis%3DLinkedIn&urlHash=TyDD&refId=bg4vB8PTjPvwrTdqrt9aLg%3D%3D&trackingId=GJfvyejGNobJxIgwzAVEWw%3D%3D&trk=public_jobs_apply-link-offsite,6.73%
09/10/22,Goldman Sachs,Engineering-Site Reliability Engineer Sec DB-VP-New York,https://www.linkedin.com/jobs/view/externalApply/3199941297?url=https%3A%2F%2Fhdpc%2Efa%2Eus2%2Eoraclecloud%2Ecom%2FhcmUI%2FCandidateExperience%2Fen%2Fsites%2FCX_1%2Fjob%2F92207%2F%3Futm_medium%3Djobshare&urlHash=BSSw&refId=bg4vB8PTjPvwrTdqrt9aLg%3D%3D&trackingId=JDM%2F0USU8Kfhwsd1lt5wqw%3D%3D&trk=public_jobs_apply-link-offsite,1.31%
09/10/22,Goldman Sachs,Engineering- Site Reliability Engineer Sec DB- VP- New York,https://www.linkedin.com/jobs/view/externalApply/2908455923?url=https%3A%2F%2Fhdpc%2Efa%2Eus2%2Eoraclecloud%2Ecom%2FhcmUI%2FCandidateExperience%2Fen%2Fjob%2F92207%2F%3Futm_medium%3Djobshare%26mode%3Djob%26iis%3DLinkedIn&urlHash=AHk3&refId=bg4vB8PTjPvwrTdqrt9aLg%3D%3D&trackingId=g7f4EYIEwDxNbVwcsStUnA%3D%3D&trk=public_jobs_apply-link-offsite,5.72%
09/10/22,Goldman Sachs,Engineering- Data Science and Machine Learning- Senior Machine Learning Engineer,https://www.linkedin.com/jobs/view/externalApply/2920024269?url=https%3A%2F%2Fhdpc%2Efa%2Eus2%2Eoraclecloud%2Ecom%2FhcmUI%2FCandidateExperience%2Fen%2Fjob%2F93790%2F%3Futm_medium%3Djobshare%26mode%3Djob%26iis%3DLinkedIn&urlHash=Okf3&refId=bg4vB8PTjPvwrTdqrt9aLg%3D%3D&trackingId=Iw%2Bk7VgJ%2FpBjpYegB0qSxQ%3D%3D&trk=public_jobs_apply-link-offsite,5.85%
09/10/22,Goldman Sachs,Loans Engineering - Associate/VP – Senior Developer -Dallas,https://www.linkedin.com/jobs/view/externalApply/3188956011?url=https%3A%2F%2Fhdpc%2Efa%2Eus2%2Eoraclecloud%2Ecom%2FhcmUI%2FCandidateExperience%2Fen%2Fjob%2F104172%2F%3Futm_medium%3Djobshare%26mode%3Djob%26iis%3DLinkedIn&urlHash=6Rht&refId=bg4vB8PTjPvwrTdqrt9aLg%3D%3D&trackingId=MSfvtWDw3O7QpJE21eyhAQ%3D%3D&trk=public_jobs_apply-link-offsite,3.72%
09/10/22,Goldman Sachs,Quantitative Developer – Inventory Management Engineering,https://www.linkedin.com/jobs/view/externalApply/3109162998?url=https%3A%2F%2Fhdpc%2Efa%2Eus2%2Eoraclecloud%2Ecom%2FhcmUI%2FCandidateExperience%2Fen%2Fjob%2F80453%2F%3Futm_medium%3Djobshare%26mode%3Djob%26iis%3DLinkedIn&urlHash=pcS3&refId=bg4vB8PTjPvwrTdqrt9aLg%3D%3D&trackingId=uM1S2BCcBT3Kahu8a46IfA%3D%3D&trk=public_jobs_apply-link-offsite,0.94%
09/10/22,Goldman Sachs,Associate - ENGG5242708,https://www.linkedin.com/jobs/view/externalApply/2984654159?url=https%3A%2F%2Fhdpc%2Efa%2Eus2%2Eoraclecloud%2Ecom%2FhcmUI%2FCandidateExperience%2Fen%2Fjob%2F84301%2F%3Futm_medium%3Djobshare%26mode%3Djob%26iis%3DLinkedIn&urlHash=ikeR&refId=bg4vB8PTjPvwrTdqrt9aLg%3D%3D&trackingId=J3QexVLE8oyIW%2BRFMLObHw%3D%3D&trk=public_jobs_apply-link-offsite,7.06%
09/10/22,Goldman Sachs,Quantitative Engineer -FICC Resource Management Strats - Dallas,https://www.linkedin.com/jobs/view/externalApply/3137950347?url=https%3A%2F%2Fhdpc%2Efa%2Eus2%2Eoraclecloud%2Ecom%2FhcmUI%2FCandidateExperience%2Fen%2Fjob%2F103271%2F%3Futm_medium%3Djobshare%26mode%3Djob%26iis%3DLinkedIn&urlHash=DbG1&refId=bg4vB8PTjPvwrTdqrt9aLg%3D%3D&trackingId=LSI4nCRkLe%2B8mLoHjdrfhg%3D%3D&trk=public_jobs_apply-link-offsite,5.38%
09/10/22,Goldman Sachs,Consumer Wealth & Management-GreenSky-Associate Software Engineering-Atlanta GA/Remote,https://www.linkedin.com/jobs/view/externalApply/3184371053?url=https%3A%2F%2Fhdpc%2Efa%2Eus2%2Eoraclecloud%2Ecom%2FhcmUI%2FCandidateExperience%2Fen%2Fjob%2F103851%2F%3Futm_medium%3Djobshare%26mode%3Djob%26iis%3DLinkedIn&urlHash=hjAw&refId=bg4vB8PTjPvwrTdqrt9aLg%3D%3D&trackingId=5YMdoONoLWVwvatdztsLYA%3D%3D&trk=public_jobs_apply-link-offsite,5.49%
09/10/22,Goldman Sachs,Cloud Connectivity Software Engineer - Vice President,https://www.linkedin.com/jobs/view/externalApply/3047506207?url=https%3A%2F%2Fhdpc%2Efa%2Eus2%2Eoraclecloud%2Ecom%2FhcmUI%2FCandidateExperience%2Fen%2Fjob%2F100073%2F%3Futm_medium%3Djobshare%26mode%3Djob%26iis%3DLinkedIn&urlHash=pHu7&refId=bg4vB8PTjPvwrTdqrt9aLg%3D%3D&trackingId=5LPd4%2B3LKPujpm%2BctJbfyQ%3D%3D&trk=public_jobs_apply-link-offsite,11.26%
09/10/22,Goldman Sachs,Risk Engineering-Analytics and Reporting-DALLAS-Senior Associate,https://www.linkedin.com/jobs/view/externalApply/3114982939?url=https%3A%2F%2Fhdpc%2Efa%2Eus2%2Eoraclecloud%2Ecom%2FhcmUI%2FCandidateExperience%2Fen%2Fjob%2F102710%2F%3Futm_medium%3Djobshare%26mode%3Djob%26iis%3DLinkedIn&urlHash=XMFV&refId=bg4vB8PTjPvwrTdqrt9aLg%3D%3D&trackingId=hpsnCT7%2FHWOG6XPOU8%2F%2FRg%3D%3D&trk=public_jobs_apply-link-offsite,3.79%
09/10/22,Goldman Sachs,Associate DevOps Engineer Consumer and Wealth Mgmt Division,https://www.linkedin.com/jobs/view/externalApply/2904357770?url=https%3A%2F%2Fhdpc%2Efa%2Eus2%2Eoraclecloud%2Ecom%2FhcmUI%2FCandidateExperience%2Fen%2Fjob%2F90908%2F%3Futm_medium%3Djobshare%26mode%3Djob%26iis%3DLinkedIn&urlHash=_MC7&refId=bg4vB8PTjPvwrTdqrt9aLg%3D%3D&trackingId=%2Boh%2B4tDuGy0zGTKtq6Iadw%3D%3D&trk=public_jobs_apply-link-offsite,6.14%
09/10/22,Goldman Sachs,Credit Risk Risk Engineering Analytics & Reporting-SALT LAKE CITY-Analyst,https://www.linkedin.com/jobs/view/externalApply/3226066351?url=https%3A%2F%2Fhdpc%2Efa%2Eus2%2Eoraclecloud%2Ecom%2FhcmUI%2FCandidateExperience%2Fen%2Fjob%2F102274%2F%3Futm_medium%3Djobshare%26mode%3Djob%26iis%3DLinkedIn&urlHash=7tQY&refId=bg4vB8PTjPvwrTdqrt9aLg%3D%3D&trackingId=pJKF0NMVrwlpwJWEQL54Vg%3D%3D&trk=public_jobs_apply-link-offsite,4.39%
09/10/22,Goldman Sachs,Finance Planning & Analysis - Associate - Quantitative Engineer,https://www.linkedin.com/jobs/view/externalApply/3131673617?url=https%3A%2F%2Fhdpc%2Efa%2Eus2%2Eoraclecloud%2Ecom%2FhcmUI%2FCandidateExperience%2Fen%2Fjob%2F103279%2F%3Futm_medium%3Djobshare%26mode%3Djob%26iis%3DLinkedIn&urlHash=ljvb&refId=bg4vB8PTjPvwrTdqrt9aLg%3D%3D&trackingId=Pf7iO2M4vcHB%2F%2F1gZJwHAw%3D%3D&trk=public_jobs_apply-link-offsite,3.52%
09/10/22,Goldman Sachs,Platform Data Engineer Associate - Consumer and Wealth Mgmt Division,https://www.linkedin.com/jobs/view/externalApply/3046242979?url=https%3A%2F%2Fhdpc%2Efa%2Eus2%2Eoraclecloud%2Ecom%2FhcmUI%2FCandidateExperience%2Fen%2Fjob%2F99783%2F%3Futm_medium%3Djobshare%26mode%3Djob%26iis%3DLinkedIn&urlHash=JyO4&refId=bg4vB8PTjPvwrTdqrt9aLg%3D%3D&trackingId=EOjwp20Sv1aOPb0la6v%2Bmw%3D%3D&trk=public_jobs_apply-link-offsite,5.13%
09/10/22,Goldman Sachs,Software Engineer Charitable Giving- Vice President- Consumer & Wealth Mgmt Division (Albany),https://www.linkedin.com/jobs/view/externalApply/3228499014?url=https%3A%2F%2Fhdpc%2Efa%2Eus2%2Eoraclecloud%2Ecom%2FhcmUI%2FCandidateExperience%2Fen%2Fjob%2F100848%2F%3Futm_medium%3Djobshare%26mode%3Djob%26iis%3DLinkedIn&urlHash=BLOB&refId=bg4vB8PTjPvwrTdqrt9aLg%3D%3D&trackingId=7%2FKTa3v63%2Bo8yk1dfWR75A%3D%3D&trk=public_jobs_apply-link-offsite,1.85%
09/10/22,Goldman Sachs,Futures FIX Onboarding Engineer - VP,https://www.linkedin.com/jobs/view/externalApply/3249053660?url=https%3A%2F%2Fhdpc%2Efa%2Eus2%2Eoraclecloud%2Ecom%2FhcmUI%2FCandidateExperience%2Fen%2Fjob%2F102647%2F%3Futm_medium%3Djobshare%26mode%3Djob%26iis%3DLinkedIn&urlHash=KQ-H&refId=bg4vB8PTjPvwrTdqrt9aLg%3D%3D&trackingId=WsTaWUth1qqo0j7qIWJwzg%3D%3D&trk=public_jobs_apply-link-offsite,4.69%
09/10/22,Goldman Sachs,Asset Management Private - Business Intelligence Associate - Dallas,https://www.linkedin.com/jobs/view/externalApply/3239606751?url=https%3A%2F%2Fhdpc%2Efa%2Eus2%2Eoraclecloud%2Ecom%2FhcmUI%2FCandidateExperience%2Fen%2Fjob%2F89584%2F%3Futm_medium%3Djobshare%26mode%3Djob%26iis%3DLinkedIn&urlHash=vrGV&refId=bg4vB8PTjPvwrTdqrt9aLg%3D%3D&trackingId=e7YtAPsjMo51DM%2B1D9h9Cg%3D%3D&trk=public_jobs_apply-link-offsite,1.69%
09/10/22,Goldman Sachs,Associate HCM4875953,https://www.linkedin.com/jobs/view/externalApply/2984651794?url=https%3A%2F%2Fhdpc%2Efa%2Eus2%2Eoraclecloud%2Ecom%2FhcmUI%2FCandidateExperience%2Fen%2Fjob%2F81534%2F%3Futm_medium%3Djobshare%26mode%3Djob%26iis%3DLinkedIn&urlHash=EpF3&refId=bg4vB8PTjPvwrTdqrt9aLg%3D%3D&trackingId=jaeW4s5wH4CJuUlaE4yPLQ%3D%3D&trk=public_jobs_apply-link-offsite,6.25%
09/10/22,Goldman Sachs,Android Engineer- Marcus Mobile Vice President,https://www.linkedin.com/jobs/view/externalApply/3032401210?url=https%3A%2F%2Fhdpc%2Efa%2Eus2%2Eoraclecloud%2Ecom%2FhcmUI%2FCandidateExperience%2Fen%2Fjob%2F99557%2F%3Futm_medium%3Djobshare%26mode%3Djob%26iis%3DLinkedIn&urlHash=QXpn&refId=bg4vB8PTjPvwrTdqrt9aLg%3D%3D&trackingId=74ns4aK5BZz%2F3Zt1fuF8cg%3D%3D&trk=public_jobs_apply-link-offsite,3.62%
09/10/22,Goldman Sachs,Transaction Banking - Cybersecurity Advisory Engineer - Associate,https://www.linkedin.com/jobs/view/externalApply/3029714713?url=https%3A%2F%2Fhdpc%2Efa%2Eus2%2Eoraclecloud%2Ecom%2FhcmUI%2FCandidateExperience%2Fen%2Fjob%2F90374%2F%3Futm_medium%3Djobshare%26mode%3Djob%26iis%3DLinkedIn&urlHash=aSkg&refId=bg4vB8PTjPvwrTdqrt9aLg%3D%3D&trackingId=KQNXP4zhIvQi%2FiFeETf%2ByQ%3D%3D&trk=public_jobs_apply-link-offsite,7.09%
09/10/22,Goldman Sachs,Engineering Strat - Associate/VP - GCEM (Global Currency and Emerging Markets),https://www.linkedin.com/jobs/view/externalApply/3223607508?url=https%3A%2F%2Fhdpc%2Efa%2Eus2%2Eoraclecloud%2Ecom%2FhcmUI%2FCandidateExperience%2Fen%2Fjob%2F104919%2F%3Futm_medium%3Djobshare%26mode%3Djob%26iis%3DLinkedIn&urlHash=Iut4&refId=bg4vB8PTjPvwrTdqrt9aLg%3D%3D&trackingId=O1x8QTb4vwAw6GeQHuaIkA%3D%3D&trk=public_jobs_apply-link-offsite,2.77%
09/10/22,Goldman Sachs,Engineering- Site Reliability Engineer- VP- Menlo Park,https://www.linkedin.com/jobs/view/externalApply/2814205243?url=https%3A%2F%2Fhdpc%2Efa%2Eus2%2Eoraclecloud%2Ecom%2FhcmUI%2FCandidateExperience%2Fen%2Fjob%2F83218%2F%3Futm_medium%3Djobshare%26mode%3Djob%26iis%3DLinkedIn&urlHash=tW5o&refId=wUYD2rc5Nq0M%2FyseQ5wgUw%3D%3D&trackingId=thOhe%2BTs6CUvFZY%2BEE5%2FsA%3D%3D&trk=public_jobs_apply-link-offsite,7.99%
09/10/22,Goldman Sachs,Internal Audit - Core Engineering Associate - Dallas TX,https://www.linkedin.com/jobs/view/externalApply/3073147712?url=https%3A%2F%2Fhdpc%2Efa%2Eus2%2Eoraclecloud%2Ecom%2FhcmUI%2FCandidateExperience%2Fen%2Fjob%2F101611%2F%3Futm_medium%3Djobshare%26mode%3Djob%26iis%3DLinkedIn&urlHash=Fopa&refId=wUYD2rc5Nq0M%2FyseQ5wgUw%3D%3D&trackingId=kSgMVNcI6o03l4Nia%2B4DSA%3D%3D&trk=public_jobs_apply-link-offsite,6.4%
09/10/22,Goldman Sachs,Associate Engineer- Core Systems Infrastructure Consumer & Wealth Mgmt Division,https://www.linkedin.com/jobs/view/externalApply/3068114279?url=https%3A%2F%2Fhdpc%2Efa%2Eus2%2Eoraclecloud%2Ecom%2FhcmUI%2FCandidateExperience%2Fen%2Fjob%2F100426%2F%3Futm_medium%3Djobshare%26mode%3Djob%26iis%3DLinkedIn&urlHash=ouz0&refId=wUYD2rc5Nq0M%2FyseQ5wgUw%3D%3D&trackingId=P%2BhI7xUWg86Bus8yH%2FFAPA%3D%3D&trk=public_jobs_apply-link-offsite,3.62%
09/10/22,Goldman Sachs,Cloud Migration Engineer - Cloud Enablement,https://www.linkedin.com/jobs/view/externalApply/3092868630?url=https%3A%2F%2Fhdpc%2Efa%2Eus2%2Eoraclecloud%2Ecom%2FhcmUI%2FCandidateExperience%2Fen%2Fjob%2F100990%2F%3Futm_medium%3Djobshare%26mode%3Djob%26iis%3DLinkedIn&urlHash=Z88E&refId=wUYD2rc5Nq0M%2FyseQ5wgUw%3D%3D&trackingId=ooJDUKHN5hdSUyApbtl%2FUQ%3D%3D&trk=public_jobs_apply-link-offsite,4.68%
09/10/22,Goldman Sachs,Global Markets Global Markets Operations and Engineering Finance Associate - New York,https://www.linkedin.com/jobs/view/externalApply/3125163593?url=https%3A%2F%2Fhdpc%2Efa%2Eus2%2Eoraclecloud%2Ecom%2FhcmUI%2FCandidateExperience%2Fen%2Fjob%2F102176%2F%3Futm_medium%3Djobshare%26mode%3Djob%26iis%3DLinkedIn&urlHash=QZKE&refId=wUYD2rc5Nq0M%2FyseQ5wgUw%3D%3D&trackingId=KVVBmD5y30w3RkrqPf9uoA%3D%3D&trk=public_jobs_apply-link-offsite,4.82%
09/10/22,Goldman Sachs,Product Manager in Compliance Engineering - Associate – New York,https://www.linkedin.com/jobs/view/externalApply/3223879186?url=https%3A%2F%2Fhdpc%2Efa%2Eus2%2Eoraclecloud%2Ecom%2FhcmUI%2FCandidateExperience%2Fen%2Fjob%2F99040%2F%3Futm_medium%3Djobshare%26mode%3Djob%26iis%3DLinkedIn&urlHash=_ReJ&refId=wUYD2rc5Nq0M%2FyseQ5wgUw%3D%3D&trackingId=EachasI6E%2Bl89EqR2IXtcA%3D%3D&trk=public_jobs_apply-link-offsite,4.51%
09/10/22,Goldman Sachs,Commodities Structured Finance Investing & Lending Strats - Associate- NY,https://www.linkedin.com/jobs/view/externalApply/3246972752?url=https%3A%2F%2Fhdpc%2Efa%2Eus2%2Eoraclecloud%2Ecom%2FhcmUI%2FCandidateExperience%2Fen%2Fjob%2F105034%2F%3Futm_medium%3Djobshare%26mode%3Djob%26iis%3DLinkedIn&urlHash=byl0&refId=wUYD2rc5Nq0M%2FyseQ5wgUw%3D%3D&trackingId=RQJnOkkmKjxHWgESdAAw9A%3D%3D&trk=public_jobs_apply-link-offsite,5.1%
09/10/22,Goldman Sachs,Engineering- Product Manager- Mobile Platform- VP,https://www.linkedin.com/jobs/view/externalApply/2984626640?url=https%3A%2F%2Fhdpc%2Efa%2Eus2%2Eoraclecloud%2Ecom%2FhcmUI%2FCandidateExperience%2Fen%2Fjob%2F91895%2F%3Futm_medium%3Djobshare%26mode%3Djob%26iis%3DLinkedIn&urlHash=FA3a&refId=wUYD2rc5Nq0M%2FyseQ5wgUw%3D%3D&trackingId=MV1kEwW3CixQydqekhS%2Fqg%3D%3D&trk=public_jobs_apply-link-offsite,1.87%
09/10/22,Goldman Sachs,Executive Office- Software/Data Engineer Associate/Vice President - Global Marketing Brand Strategy & Research,https://www.linkedin.com/jobs/view/externalApply/3044019311?url=https%3A%2F%2Fhdpc%2Efa%2Eus2%2Eoraclecloud%2Ecom%2FhcmUI%2FCandidateExperience%2Fen%2Fjob%2F100386%2F%3Futm_medium%3Djobshare%26mode%3Djob%26iis%3DLinkedIn&urlHash=FlWJ&refId=wUYD2rc5Nq0M%2FyseQ5wgUw%3D%3D&trackingId=Va1a9yoOX0MlhprT35f8Tg%3D%3D&trk=public_jobs_apply-link-offsite,4.9%
09/10/22,Goldman Sachs,Technical Product Manager - Associate - Marcus (CWM),https://www.linkedin.com/jobs/view/externalApply/3091037962?url=https%3A%2F%2Fhdpc%2Efa%2Eus2%2Eoraclecloud%2Ecom%2FhcmUI%2FCandidateExperience%2Fen%2Fjob%2F86132%2F%3Futm_medium%3Djobshare%26mode%3Djob%26iis%3DLinkedIn&urlHash=IzlV&refId=wUYD2rc5Nq0M%2FyseQ5wgUw%3D%3D&trackingId=nQ1TN9A5ZgK0avrdTFoaRg%3D%3D&trk=public_jobs_apply-link-offsite,3.85%
09/10/22,Goldman Sachs,Platform Data Engineer VP - Consumer and Wealth Mgmt Division,https://www.linkedin.com/jobs/view/externalApply/3046247537?url=https%3A%2F%2Fhdpc%2Efa%2Eus2%2Eoraclecloud%2Ecom%2FhcmUI%2FCandidateExperience%2Fen%2Fjob%2F99784%2F%3Futm_medium%3Djobshare%26mode%3Djob%26iis%3DLinkedIn&urlHash=f0bB&refId=wUYD2rc5Nq0M%2FyseQ5wgUw%3D%3D&trackingId=NoH0uqTJeXAhzxDkY5GKRg%3D%3D&trk=public_jobs_apply-link-offsite,5.31%
09/10/22,Goldman Sachs,Internal Audit - Asset Management Engineering -Associate,https://www.linkedin.com/jobs/view/externalApply/2852797869?url=https%3A%2F%2Fhdpc%2Efa%2Eus2%2Eoraclecloud%2Ecom%2FhcmUI%2FCandidateExperience%2Fen%2Fjob%2F82826%2F%3Futm_medium%3Djobshare%26mode%3Djob%26iis%3DLinkedIn&urlHash=fdQY&refId=wUYD2rc5Nq0M%2FyseQ5wgUw%3D%3D&trackingId=aRdJlFHA%2B8eh5Xs0iZr6Nw%3D%3D&trk=public_jobs_apply-link-offsite,4.04%
09/10/22,Goldman Sachs,Privacy Platform Developer VP (Dallas TX),https://www.linkedin.com/jobs/view/externalApply/3235213232?url=https%3A%2F%2Fhdpc%2Efa%2Eus2%2Eoraclecloud%2Ecom%2FhcmUI%2FCandidateExperience%2Fen%2Fjob%2F105190%2F%3Futm_medium%3Djobshare%26mode%3Djob%26iis%3DLinkedIn&urlHash=n9dv&refId=wUYD2rc5Nq0M%2FyseQ5wgUw%3D%3D&trackingId=QAXeNeLzu0rMZP0ZkQZfVw%3D%3D&trk=public_jobs_apply-link-offsite,2.85%
09/10/22,Goldman Sachs,Internal Audit Global Markets Engineering Associate,https://www.linkedin.com/jobs/view/externalApply/2814204761?url=https%3A%2F%2Fhdpc%2Efa%2Eus2%2Eoraclecloud%2Ecom%2FhcmUI%2FCandidateExperience%2Fen%2Fjob%2F81794%2F%3Futm_medium%3Djobshare%26mode%3Djob%26iis%3DLinkedIn&urlHash=8Unk&refId=wUYD2rc5Nq0M%2FyseQ5wgUw%3D%3D&trackingId=UzHaNiBm83fo7V5VmCF43g%3D%3D&trk=public_jobs_apply-link-offsite,4.64%
09/10/22,Goldman Sachs,Transaction Banking – Client Reporting API Engineering Lead – Digital – Vice President,https://www.linkedin.com/jobs/view/externalApply/3115439140?url=https%3A%2F%2Fhdpc%2Efa%2Eus2%2Eoraclecloud%2Ecom%2FhcmUI%2FCandidateExperience%2Fen%2Fjob%2F82338%2F%3Futm_medium%3Djobshare%26mode%3Djob%26iis%3DLinkedIn&urlHash=o-uE&refId=wUYD2rc5Nq0M%2FyseQ5wgUw%3D%3D&trackingId=XXHi6EmVdCf8d%2FUMTz8YlQ%3D%3D&trk=public_jobs_apply-link-offsite,6.03%
09/10/22,Goldman Sachs,Global Markets Global Markets Operations and Engineering Finance Associate - SLC,https://www.linkedin.com/jobs/view/externalApply/3125161814?url=https%3A%2F%2Fhdpc%2Efa%2Eus2%2Eoraclecloud%2Ecom%2FhcmUI%2FCandidateExperience%2Fen%2Fjob%2F102177%2F%3Futm_medium%3Djobshare%26mode%3Djob%26iis%3DLinkedIn&urlHash=H_Lk&refId=wUYD2rc5Nq0M%2FyseQ5wgUw%3D%3D&trackingId=SxhMjtwKv7cBYA4Hvhm4Fg%3D%3D&trk=public_jobs_apply-link-offsite,4.82%
09/10/22,Goldman Sachs,Technical Product Manager - Vice President - Marcus (CWM),https://www.linkedin.com/jobs/view/externalApply/3091044225?url=https%3A%2F%2Fhdpc%2Efa%2Eus2%2Eoraclecloud%2Ecom%2FhcmUI%2FCandidateExperience%2Fen%2Fjob%2F88915%2F%3Futm_medium%3Djobshare%26mode%3Djob%26iis%3DLinkedIn&urlHash=868Y&refId=wUYD2rc5Nq0M%2FyseQ5wgUw%3D%3D&trackingId=poT2vVH9MK%2FNKP3i9OjpCQ%3D%3D&trk=public_jobs_apply-link-offsite,3.85%
09/10/22,Goldman Sachs,Transaction Banking – Software Engineer – Financial Risk – Vice President,https://www.linkedin.com/jobs/view/externalApply/2861641157?url=https%3A%2F%2Fhdpc%2Efa%2Eus2%2Eoraclecloud%2Ecom%2FhcmUI%2FCandidateExperience%2Fen%2Fjob%2F89663%2F%3Futm_medium%3Djobshare%26mode%3Djob%26iis%3DLinkedIn&urlHash=pPdh&refId=wUYD2rc5Nq0M%2FyseQ5wgUw%3D%3D&trackingId=%2Brp6LH7hj9pI86zqkc6YYg%3D%3D&trk=public_jobs_apply-link-offsite,6.03%
09/10/22,Goldman Sachs,Cloud Migration Engineer VP - Cloud Enablement (Dallas TX),https://www.linkedin.com/jobs/view/externalApply/3203884042?url=https%3A%2F%2Fhdpc%2Efa%2Eus2%2Eoraclecloud%2Ecom%2FhcmUI%2FCandidateExperience%2Fen%2Fjob%2F104170%2F%3Futm_medium%3Djobshare%26mode%3Djob%26iis%3DLinkedIn&urlHash=mOCq&refId=wUYD2rc5Nq0M%2FyseQ5wgUw%3D%3D&trackingId=ViJQ81a9bOETRhzVSTsCGA%3D%3D&trk=public_jobs_apply-link-offsite,5.81%
09/10/22,Goldman Sachs,Internal Audit - Consumer Banking Associate,https://www.linkedin.com/jobs/view/externalApply/2880799650?url=https%3A%2F%2Fhdpc%2Efa%2Eus2%2Eoraclecloud%2Ecom%2FhcmUI%2FCandidateExperience%2Fen%2Fjob%2F91822%2F%3Futm_medium%3Djobshare%26mode%3Djob%26iis%3DLinkedIn&urlHash=qVAx&refId=wUYD2rc5Nq0M%2FyseQ5wgUw%3D%3D&trackingId=vfG4BhphT%2FIdAwCfOyCS3Q%3D%3D&trk=public_jobs_apply-link-offsite,6.22%
09/10/22,Goldman Sachs,HCM People Business Intelligence Center of Excellence -Vice President,https://www.linkedin.com/jobs/view/externalApply/3040490357?url=https%3A%2F%2Fhdpc%2Efa%2Eus2%2Eoraclecloud%2Ecom%2FhcmUI%2FCandidateExperience%2Fen%2Fjob%2F99142%2F%3Futm_medium%3Djobshare%26mode%3Djob%26iis%3DLinkedIn&urlHash=2QD8&refId=wUYD2rc5Nq0M%2FyseQ5wgUw%3D%3D&trackingId=F1bHjSUX%2Ft%2FFf%2Boc4jZlXA%3D%3D&trk=public_jobs_apply-link-offsite,5.78%
09/10/22,Goldman Sachs,Transaction Banking-Engineering Lead-Deposits-Vice President,https://www.linkedin.com/jobs/view/externalApply/3200576949?url=https%3A%2F%2Fhdpc%2Efa%2Eus2%2Eoraclecloud%2Ecom%2FhcmUI%2FCandidateExperience%2Fen%2Fjob%2F82355%2F%3Futm_medium%3Djobshare%26mode%3Djob%26iis%3DLinkedIn&urlHash=SFRb&refId=wUYD2rc5Nq0M%2FyseQ5wgUw%3D%3D&trackingId=Pi%2Bj%2FC4XQL8ljJ6oLAoYng%3D%3D&trk=public_jobs_apply-link-offsite,6.35%
09/10/22,Goldman Sachs,Tech Risk - Lead Risk Assessor (Digital Risk Office) - Vice President - New York,https://www.linkedin.com/jobs/view/externalApply/3161556099?url=https%3A%2F%2Fhdpc%2Efa%2Eus2%2Eoraclecloud%2Ecom%2FhcmUI%2FCandidateExperience%2Fen%2Fjob%2F92351%2F%3Futm_medium%3Djobshare%26mode%3Djob%26iis%3DLinkedIn&urlHash=wVIp&refId=wUYD2rc5Nq0M%2FyseQ5wgUw%3D%3D&trackingId=qTNjbincBMuviv7amOCmrQ%3D%3D&trk=public_jobs_apply-link-offsite,4.38%
